19208.906731	conn	open	0
19208.907371	c2s	HELLO	24
19208.913215	s2c	bytes	36
19208.913377	c2s	DEVICE_COUNT	0
19208.913948	s2c	bytes	12
19208.915357	conn	open	0
19208.915552	c2s	HELLO	24
19208.919936	s2c	bytes	36
19208.919997	c2s	GET_ALIGNMENT	4
19208.920577	s2c	bytes	16
19208.920655	c2s	GET_MAX_SIZE	4
19208.921208	s2c	bytes	16
19208.975467	conn	open	0
19208.975707	c2s	HELLO	24
19208.981676	s2c	bytes	36
19208.981818	c2s	GET_DEVICE_MEMORY	4
19208.982700	s2c	bytes	24
19209.081654	conn	open	0
19209.081855	c2s	HELLO	24
19209.087585	s2c	bytes	8
19209.087742	s2c	bytes	28
19209.087791	c2s	GET_DEVICE_MEMORY	4
19209.088622	s2c	bytes	24
19209.088759	conn	open	0
19209.088845	c2s	HELLO	24
19209.094135	s2c	bytes	8
19209.094283	s2c	bytes	28
19209.094327	c2s	GET_DEVICE_MEMORY	4
19209.095005	s2c	bytes	24
19209.096780	conn	open	0
19209.096921	c2s	HELLO	24
19209.101846	s2c	bytes	36
19209.101894	c2s	GET_DEVICE_MEMORY	4
19209.102598	s2c	bytes	24
19209.104249	conn	open	0
19209.104871	c2s	HELLO	24
19209.107617	s2c	bytes	36
19209.109155	c2s	GET_ALLOC_SIZE	3260
19209.109825	s2c	bytes	16
19209.109942	c2s	GET_ALLOC_SIZE	3260
19209.110559	s2c	bytes	16
19209.110660	c2s	GET_ALLOC_SIZE	3260
19209.111269	s2c	bytes	16
19209.111375	c2s	GET_ALLOC_SIZE	3260
19209.111908	s2c	bytes	16
19209.112805	c2s	GET_DEVICE_MEMORY	4
19209.113379	s2c	bytes	24
19209.113555	c2s	GET_DEVICE_MEMORY	4
19209.114086	s2c	bytes	24
19209.168485	conn	open	0
19209.168668	c2s	HELLO	24
19209.174606	s2c	bytes	36
19209.174712	c2s	GET_DEVICE_MEMORY	4
19209.175382	s2c	bytes	24
19209.267576	conn	open	0
19209.267698	c2s	HELLO	24
19209.273522	s2c	bytes	36
19209.273628	c2s	GET_DEVICE_MEMORY	4
19209.274477	s2c	bytes	24
19209.274593	conn	open	0
19209.274700	c2s	HELLO	24
19209.280839	s2c	bytes	36
19209.280954	c2s	GET_DEVICE_MEMORY	4
19209.281420	s2c	bytes	24
19209.281553	conn	open	0
19209.281609	c2s	HELLO	24
19209.290439	s2c	bytes	36
19209.290609	c2s	GET_DEVICE_MEMORY	4
19209.291219	s2c	bytes	24
19209.308837	conn	open	0
19209.308999	c2s	HELLO	24
19209.314654	s2c	bytes	36
19209.314735	c2s	GET_DEVICE_MEMORY	4
19209.315328	s2c	bytes	24
19209.316338	conn	open	0
19209.316628	c2s	HELLO	24
19209.319285	s2c	bytes	36
19209.319385	c2s	ALLOC_BUFFER	12
19209.523539	s2c	bytes	24
19209.523705	c2s	BUFFER_GET_BASE	8
19209.524765	s2c	bytes	16
19209.614417	c2s	SET_TENSOR	8497
19209.614754	c2s	SET_TENSOR	8497
19209.620215	c2s	SET_TENSOR	2359601
19209.626467	c2s	SET_TENSOR	1179953
19209.631770	c2s	SET_TENSOR	1720625
19209.637055	c2s	SET_TENSOR	2359601
19209.637649	c2s	SET_TENSOR	817
19209.637803	c2s	SET_TENSOR	817
19209.637818	c2s	SET_TENSOR	8497
19209.679540	c2s	SET_TENSOR	7078193
19209.725261	c2s	SET_TENSOR	10322225
19209.753926	c2s	SET_TENSOR	7078193
19209.754400	c2s	SET_TENSOR	8497
19209.763855	c2s	SET_TENSOR	2359601
19209.772163	c2s	SET_TENSOR	1179953
19209.781758	c2s	SET_TENSOR	1720625
19209.791147	c2s	SET_TENSOR	2359601
19209.791200	c2s	SET_TENSOR	817
19209.791208	c2s	SET_TENSOR	817
19209.791215	c2s	SET_TENSOR	8497
19209.818964	c2s	SET_TENSOR	7078193
19209.867320	c2s	SET_TENSOR	10322225
19209.893063	c2s	SET_TENSOR	7078193
19209.893112	c2s	SET_TENSOR	8497
19209.908511	c2s	SET_TENSOR	2359601
19209.915140	c2s	SET_TENSOR	1179953
19209.916096	c2s	SET_TENSOR	1179953
19209.924259	c2s	SET_TENSOR	2359601
19209.924321	c2s	SET_TENSOR	817
19209.924330	c2s	SET_TENSOR	817
19209.924338	c2s	SET_TENSOR	8497
19209.956477	c2s	SET_TENSOR	7078193
19209.988329	c2s	SET_TENSOR	7078193
19210.010595	c2s	SET_TENSOR	7078193
19210.010642	c2s	SET_TENSOR	8497
19210.025663	c2s	SET_TENSOR	2359601
19210.026612	c2s	SET_TENSOR	1179953
19210.033353	c2s	SET_TENSOR	1179953
19210.039579	c2s	SET_TENSOR	2359601
19210.039639	c2s	SET_TENSOR	817
19210.039652	c2s	SET_TENSOR	817
19210.039663	c2s	SET_TENSOR	8497
19210.063810	c2s	SET_TENSOR	7078193
19210.097061	c2s	SET_TENSOR	7078193
19210.121452	c2s	SET_TENSOR	7078193
19210.121580	c2s	SET_TENSOR	8497
19210.125952	c2s	SET_TENSOR	2359601
19210.132549	c2s	SET_TENSOR	1179953
19210.136323	c2s	SET_TENSOR	1720625
19210.143264	c2s	SET_TENSOR	2359601
19210.143357	c2s	SET_TENSOR	817
19210.143367	c2s	SET_TENSOR	817
19210.143374	c2s	SET_TENSOR	8497
19210.168909	c2s	SET_TENSOR	7078193
19210.203957	c2s	SET_TENSOR	10322225
19210.222939	c2s	SET_TENSOR	7078193
19210.223036	c2s	SET_TENSOR	8497
19210.231778	c2s	SET_TENSOR	2359601
19210.243712	c2s	SET_TENSOR	1179953
19210.245407	c2s	SET_TENSOR	1179953
19210.252897	c2s	SET_TENSOR	2359601
19210.252982	c2s	SET_TENSOR	817
19210.252991	c2s	SET_TENSOR	817
19210.252999	c2s	SET_TENSOR	8497
19210.277576	c2s	SET_TENSOR	7078193
19210.301828	c2s	SET_TENSOR	7078193
19210.326896	c2s	SET_TENSOR	7078193
19210.326965	c2s	SET_TENSOR	8497
19210.335234	c2s	SET_TENSOR	2359601
19210.343851	c2s	SET_TENSOR	1179953
19210.345402	c2s	SET_TENSOR	1179953
19210.353560	c2s	SET_TENSOR	2359601
19210.353660	c2s	SET_TENSOR	817
19210.353670	c2s	SET_TENSOR	817
19210.353678	c2s	SET_TENSOR	8497
19210.378619	c2s	SET_TENSOR	7078193
19210.402209	c2s	SET_TENSOR	7078193
19210.430472	c2s	SET_TENSOR	7078193
19210.430539	c2s	SET_TENSOR	8497
19210.438032	c2s	SET_TENSOR	2359601
19210.444929	c2s	SET_TENSOR	1179953
19210.451248	c2s	SET_TENSOR	1720625
19210.460134	c2s	SET_TENSOR	2359601
19210.460181	c2s	SET_TENSOR	817
19210.460190	c2s	SET_TENSOR	817
19210.460198	c2s	SET_TENSOR	8497
19210.486913	c2s	SET_TENSOR	7078193
19210.522267	c2s	SET_TENSOR	10322225
19210.544144	c2s	SET_TENSOR	7078193
19210.544279	c2s	SET_TENSOR	8497
19210.551454	c2s	SET_TENSOR	2359601
19210.556837	c2s	SET_TENSOR	1179953
19210.558338	c2s	SET_TENSOR	1179953
19210.567507	c2s	SET_TENSOR	2359601
19210.567678	c2s	SET_TENSOR	817
19210.567691	c2s	SET_TENSOR	817
19210.567699	c2s	SET_TENSOR	8497
19210.589899	c2s	SET_TENSOR	7078193
19210.616085	c2s	SET_TENSOR	7078193
19210.642788	c2s	SET_TENSOR	7078193
19210.643129	c2s	SET_TENSOR	8497
19210.651967	c2s	SET_TENSOR	2359601
19210.652853	c2s	SET_TENSOR	1179953
19210.659449	c2s	SET_TENSOR	1179953
19210.671150	c2s	SET_TENSOR	2359601
19210.671458	c2s	SET_TENSOR	817
19210.671602	c2s	SET_TENSOR	817
19210.671609	c2s	SET_TENSOR	8497
19210.695314	c2s	SET_TENSOR	7078193
19210.728102	c2s	SET_TENSOR	7078193
19210.749224	c2s	SET_TENSOR	7078193
19210.749340	c2s	SET_TENSOR	8497
19210.757249	c2s	SET_TENSOR	2359601
19210.763424	c2s	SET_TENSOR	1179953
19210.771219	c2s	SET_TENSOR	1720625
19210.778412	c2s	SET_TENSOR	2359601
19210.778493	c2s	SET_TENSOR	817
19210.778508	c2s	SET_TENSOR	817
19210.778519	c2s	SET_TENSOR	8497
19210.806554	c2s	SET_TENSOR	7078193
19210.851931	c2s	SET_TENSOR	10322225
19210.870751	c2s	SET_TENSOR	7078193
19210.870807	c2s	SET_TENSOR	8497
19210.885627	c2s	SET_TENSOR	2359601
19210.892428	c2s	SET_TENSOR	1179953
19210.898565	c2s	SET_TENSOR	1179953
19210.905312	c2s	SET_TENSOR	2359601
19210.905363	c2s	SET_TENSOR	817
19210.905371	c2s	SET_TENSOR	817
19210.905377	c2s	SET_TENSOR	8497
19210.934830	c2s	SET_TENSOR	7078193
19210.962587	c2s	SET_TENSOR	7078193
19210.986275	c2s	SET_TENSOR	7078193
19210.992173	c2s	SET_TENSOR	8497
19211.000130	c2s	SET_TENSOR	2359601
19211.006551	c2s	SET_TENSOR	1179953
19211.012319	c2s	SET_TENSOR	1179953
19211.020452	c2s	SET_TENSOR	2359601
19211.020539	c2s	SET_TENSOR	817
19211.020547	c2s	SET_TENSOR	817
19211.020554	c2s	SET_TENSOR	8497
19211.048597	c2s	SET_TENSOR	7078193
19211.073358	c2s	SET_TENSOR	7078193
19211.106343	c2s	SET_TENSOR	7078193
19211.106464	c2s	SET_TENSOR	8497
19211.114387	c2s	SET_TENSOR	2359601
19211.120338	c2s	SET_TENSOR	1179953
19211.127282	c2s	SET_TENSOR	1720625
19211.136255	c2s	SET_TENSOR	2359601
19211.136339	c2s	SET_TENSOR	817
19211.136347	c2s	SET_TENSOR	817
19211.136353	c2s	SET_TENSOR	8497
19211.161918	c2s	SET_TENSOR	7078193
19211.204400	c2s	SET_TENSOR	10322225
19211.227284	c2s	SET_TENSOR	7078193
19211.227355	c2s	SET_TENSOR	8497
19211.234809	c2s	SET_TENSOR	2359601
19211.241783	c2s	SET_TENSOR	1179953
19211.247959	c2s	SET_TENSOR	1179953
19211.254859	c2s	SET_TENSOR	2359601
19211.254928	c2s	SET_TENSOR	817
19211.254935	c2s	SET_TENSOR	817
19211.254942	c2s	SET_TENSOR	8497
19211.283055	c2s	SET_TENSOR	7078193
19211.309875	c2s	SET_TENSOR	7078193
19211.334714	c2s	SET_TENSOR	7078193
19211.334800	c2s	SET_TENSOR	8497
19211.342185	c2s	SET_TENSOR	2359601
19211.348291	c2s	SET_TENSOR	1179953
19211.349254	c2s	SET_TENSOR	1179953
19211.361837	c2s	SET_TENSOR	2359601
19211.361909	c2s	SET_TENSOR	817
19211.361917	c2s	SET_TENSOR	817
19211.361923	c2s	SET_TENSOR	8497
19211.385389	c2s	SET_TENSOR	7078193
19211.412096	c2s	SET_TENSOR	7078193
19211.440465	c2s	SET_TENSOR	7078193
19211.440576	c2s	SET_TENSOR	8497
19211.449176	c2s	SET_TENSOR	2359601
19211.453366	c2s	SET_TENSOR	1179953
19211.459924	c2s	SET_TENSOR	1720625
19211.467331	c2s	SET_TENSOR	2359601
19211.467405	c2s	SET_TENSOR	817
19211.467415	c2s	SET_TENSOR	817
19211.467422	c2s	SET_TENSOR	8497
19211.493459	c2s	SET_TENSOR	7078193
19211.525022	c2s	SET_TENSOR	10322225
19211.552805	c2s	SET_TENSOR	7078193
19211.552987	c2s	SET_TENSOR	8497
19211.561226	c2s	SET_TENSOR	2359601
19211.562254	c2s	SET_TENSOR	1179953
19211.570112	c2s	SET_TENSOR	1179953
19211.584468	c2s	SET_TENSOR	2359601
19211.584590	c2s	SET_TENSOR	817
19211.584601	c2s	SET_TENSOR	817
19211.584609	c2s	SET_TENSOR	8497
19211.606041	c2s	SET_TENSOR	7078193
19211.633330	c2s	SET_TENSOR	7078193
19211.662798	c2s	SET_TENSOR	7078193
19211.662884	c2s	SET_TENSOR	8497
19211.669826	c2s	SET_TENSOR	2359601
19211.675896	c2s	SET_TENSOR	1179953
19211.677555	c2s	SET_TENSOR	1179953
19211.691250	c2s	SET_TENSOR	2359601
19211.691341	c2s	SET_TENSOR	817
19211.691348	c2s	SET_TENSOR	817
19211.691355	c2s	SET_TENSOR	8497
19211.717266	c2s	SET_TENSOR	7078193
19211.742608	c2s	SET_TENSOR	7078193
19211.767096	c2s	SET_TENSOR	7078193
19211.767179	c2s	SET_TENSOR	8497
19211.775234	c2s	SET_TENSOR	2359601
19211.781726	c2s	SET_TENSOR	1179953
19211.788162	c2s	SET_TENSOR	1720625
19211.801379	c2s	SET_TENSOR	2359601
19211.801452	c2s	SET_TENSOR	817
19211.801459	c2s	SET_TENSOR	817
19211.801465	c2s	SET_TENSOR	8497
19211.828388	c2s	SET_TENSOR	7078193
19211.868732	c2s	SET_TENSOR	10322225
19211.892038	c2s	SET_TENSOR	7078193
19211.892084	c2s	SET_TENSOR	8497
19211.904930	c2s	SET_TENSOR	2359601
19211.910949	c2s	SET_TENSOR	1179953
19211.916661	c2s	SET_TENSOR	1179953
19211.923697	c2s	SET_TENSOR	2359601
19211.923749	c2s	SET_TENSOR	817
19211.923757	c2s	SET_TENSOR	817
19211.923763	c2s	SET_TENSOR	8497
19211.950298	c2s	SET_TENSOR	7078193
19211.977796	c2s	SET_TENSOR	7078193
19212.004223	c2s	SET_TENSOR	7078193
19212.004378	c2s	SET_TENSOR	8497
19212.007328	c2s	SET_TENSOR	2359601
19212.013927	c2s	SET_TENSOR	1179953
19212.016678	c2s	SET_TENSOR	1179953
19212.022639	c2s	SET_TENSOR	2359601
19212.022716	c2s	SET_TENSOR	817
19212.022731	c2s	SET_TENSOR	817
19212.022743	c2s	SET_TENSOR	8497
19212.048454	c2s	SET_TENSOR	7078193
19212.076708	c2s	SET_TENSOR	7078193
19212.106491	c2s	SET_TENSOR	7078193
19212.106601	c2s	SET_TENSOR	8497
19212.114917	c2s	SET_TENSOR	2359601
19212.116312	c2s	SET_TENSOR	1179953
19212.123859	c2s	SET_TENSOR	1720625
19212.132738	c2s	SET_TENSOR	2359601
19212.132879	c2s	SET_TENSOR	817
19212.132895	c2s	SET_TENSOR	817
19212.132907	c2s	SET_TENSOR	8497
19212.165364	c2s	SET_TENSOR	7078193
19212.198457	c2s	SET_TENSOR	10322225
19212.228993	c2s	SET_TENSOR	7078193
19212.229078	c2s	SET_TENSOR	8497
19212.236509	c2s	SET_TENSOR	2359601
19212.243261	c2s	SET_TENSOR	1179953
19212.248685	c2s	SET_TENSOR	1720625
19212.256398	c2s	SET_TENSOR	2359601
19212.256439	c2s	SET_TENSOR	817
19212.256446	c2s	SET_TENSOR	817
19212.256453	c2s	SET_TENSOR	8497
19212.286152	c2s	SET_TENSOR	7078193
19212.325260	c2s	SET_TENSOR	10322225
19212.353206	c2s	SET_TENSOR	7078193
19212.353332	c2s	SET_TENSOR	8497
19212.362087	c2s	SET_TENSOR	2359601
19212.364018	c2s	SET_TENSOR	1179953
19212.370405	c2s	SET_TENSOR	1720625
19212.379514	c2s	SET_TENSOR	2359601
19212.379747	c2s	SET_TENSOR	817
19212.379760	c2s	SET_TENSOR	817
19212.379782	c2s	SET_TENSOR	8497
19212.410123	c2s	SET_TENSOR	7078193
19212.449355	c2s	SET_TENSOR	10322225
19212.472947	c2s	SET_TENSOR	7078193
19212.472994	c2s	SET_TENSOR	8497
19212.486623	c2s	SET_TENSOR	2359601
19212.493623	c2s	SET_TENSOR	1179953
19212.494618	c2s	SET_TENSOR	1720625
19212.508834	c2s	SET_TENSOR	2359601
19212.508924	c2s	SET_TENSOR	817
19212.508932	c2s	SET_TENSOR	817
19212.508938	c2s	SET_TENSOR	8497
19212.535874	c2s	SET_TENSOR	7078193
19212.574599	c2s	SET_TENSOR	10322225
19212.608119	c2s	SET_TENSOR	7078193
19212.608192	c2s	SET_TENSOR	8497
19212.615729	c2s	SET_TENSOR	2359601
19212.620198	c2s	SET_TENSOR	1179953
19212.626509	c2s	SET_TENSOR	1720625
19212.634750	c2s	SET_TENSOR	2359601
19212.634795	c2s	SET_TENSOR	817
19212.634802	c2s	SET_TENSOR	817
19212.634809	c2s	SET_TENSOR	8497
19212.660783	c2s	SET_TENSOR	7078193
19212.705876	c2s	SET_TENSOR	10322225
19212.730868	c2s	SET_TENSOR	7078193
19212.740395	c2s	ALLOC_BUFFER	12
19212.798080	s2c	bytes	24
19212.798274	c2s	BUFFER_GET_BASE	8
19212.798825	s2c	bytes	16
19212.799017	c2s	BUFFER_CLEAR	9
19212.805667	c2s	ALLOC_BUFFER	12
19212.820763	s2c	bytes	24
19212.822654	c2s	GET_ALLOC_SIZE	3260
19212.823148	s2c	bytes	16
19212.823298	c2s	GET_ALLOC_SIZE	3260
19212.823846	s2c	bytes	16
19212.823986	c2s	GET_ALLOC_SIZE	3260
19212.824545	s2c	bytes	8
19212.824643	s2c	bytes	8
19212.824769	c2s	GET_ALLOC_SIZE	3260
19212.825145	s2c	bytes	16
19212.830831	c2s	GET_ALLOC_SIZE	3260
19212.831785	s2c	bytes	16
19212.831946	c2s	GET_ALLOC_SIZE	3260
19212.832375	s2c	bytes	16
19212.832534	c2s	GET_ALLOC_SIZE	3260
19212.832984	s2c	bytes	16
19212.833165	c2s	GET_ALLOC_SIZE	3260
19212.833567	s2c	bytes	16
19212.834236	c2s	BUFFER_GET_BASE	8
19212.834675	s2c	bytes	16
19212.837298	c2s	SET_TENSOR	16689
19212.837379	c2s	SET_TENSOR	16689
19212.837391	c2s	SET_TENSOR	313
19212.837763	c2s	SET_TENSOR	321
19212.837886	c2s	SET_TENSOR	321
19212.837897	c2s	SET_TENSOR	1329
19212.837905	c2s	SET_TENSOR	309
19212.839122	c2s	GRAPH_COMPUTE	395076
19212.840038	c2s	GET_TENSOR	312
19212.878909	s2c	bytes	8200
19212.884543	c2s	BUFFER_CLEAR	9
19212.898496	c2s	GET_ALLOC_SIZE	3260
19212.899220	s2c	bytes	16
19212.899423	c2s	GET_ALLOC_SIZE	3260
19212.900064	s2c	bytes	16
19212.900253	c2s	GET_ALLOC_SIZE	3260
19212.900985	s2c	bytes	16
19212.901146	c2s	GET_ALLOC_SIZE	3260
19212.901735	s2c	bytes	16
19212.906547	c2s	SET_TENSOR	41265
19212.906722	c2s	SET_TENSOR	41265
19212.906754	c2s	SET_TENSOR	325
19212.907084	c2s	SET_TENSOR	345
19212.907175	c2s	SET_TENSOR	345
19212.907456	c2s	SET_TENSOR	2865
19212.907552	c2s	SET_TENSOR	309
19212.910391	c2s	GRAPH_COMPUTE	395076
19212.910445	c2s	GET_TENSOR	312
19212.942175	s2c	bytes	8200
19212.946420	c2s	SET_TENSOR	8497
19212.946779	c2s	SET_TENSOR	8497
19212.946893	c2s	SET_TENSOR	309
19212.947073	c2s	SET_TENSOR	313
19212.947161	c2s	SET_TENSOR	313
19212.947249	c2s	SET_TENSOR	817
19212.947371	c2s	SET_TENSOR	309
19212.948611	c2s	GRAPH_COMPUTE	395076
19212.948660	c2s	GET_TENSOR	312
19212.971735	s2c	bytes	8200
19212.975436	c2s	SET_TENSOR	8497
19212.975617	c2s	SET_TENSOR	8497
19212.975656	c2s	SET_TENSOR	309
19212.975682	c2s	SET_TENSOR	313
19212.975796	c2s	SET_TENSOR	313
19212.975827	c2s	SET_TENSOR	817
19212.975849	c2s	SET_TENSOR	309
19212.975874	c2s	GRAPH_RECOMPUTE	4
19212.975896	c2s	GET_TENSOR	312
19212.998098	s2c	bytes	8200
19213.003239	c2s	SET_TENSOR	8497
19213.003351	c2s	SET_TENSOR	8497
19213.003476	c2s	SET_TENSOR	309
19213.003507	c2s	SET_TENSOR	313
19213.003529	c2s	SET_TENSOR	313
19213.003554	c2s	SET_TENSOR	817
19213.003575	c2s	SET_TENSOR	309
19213.003671	c2s	GRAPH_RECOMPUTE	4
19213.003702	c2s	GET_TENSOR	312
19213.025070	s2c	bytes	8200
19213.028752	c2s	SET_TENSOR	8497
19213.028949	c2s	SET_TENSOR	8497
19213.029085	c2s	SET_TENSOR	309
19213.029118	c2s	SET_TENSOR	313
19213.029140	c2s	SET_TENSOR	313
19213.029233	c2s	SET_TENSOR	817
19213.029267	c2s	SET_TENSOR	309
19213.029289	c2s	GRAPH_RECOMPUTE	4
19213.029311	c2s	GET_TENSOR	312
19213.050873	s2c	bytes	8200
19213.056556	c2s	SET_TENSOR	8497
19213.056699	c2s	SET_TENSOR	8497
19213.056735	c2s	SET_TENSOR	309
19213.056758	c2s	SET_TENSOR	313
19213.056875	c2s	SET_TENSOR	313
19213.056910	c2s	SET_TENSOR	817
19213.056931	c2s	SET_TENSOR	309
19213.056952	c2s	GRAPH_RECOMPUTE	4
19213.056974	c2s	GET_TENSOR	312
19213.080104	s2c	bytes	8200
19213.087744	c2s	SET_TENSOR	8497
19213.087936	c2s	SET_TENSOR	8497
19213.087976	c2s	SET_TENSOR	309
19213.088027	c2s	SET_TENSOR	313
19213.088055	c2s	SET_TENSOR	313
19213.088077	c2s	SET_TENSOR	817
19213.088178	c2s	SET_TENSOR	309
19213.088209	c2s	GRAPH_RECOMPUTE	4
19213.088231	c2s	GET_TENSOR	312
19213.111513	s2c	bytes	8200
19213.118904	c2s	SET_TENSOR	8497
19213.119111	c2s	SET_TENSOR	8497
19213.119151	c2s	SET_TENSOR	309
19213.119195	c2s	SET_TENSOR	313
19213.119220	c2s	SET_TENSOR	313
19213.119241	c2s	SET_TENSOR	817
19213.119261	c2s	SET_TENSOR	309
19213.119282	c2s	GRAPH_RECOMPUTE	4
19213.119307	c2s	GET_TENSOR	312
19213.142446	s2c	bytes	8200
19213.149771	c2s	SET_TENSOR	8497
19213.149947	c2s	SET_TENSOR	8497
19213.149983	c2s	SET_TENSOR	309
19213.150115	c2s	SET_TENSOR	313
19213.150146	c2s	SET_TENSOR	313
19213.150172	c2s	SET_TENSOR	817
19213.150194	c2s	SET_TENSOR	309
19213.150218	c2s	GRAPH_RECOMPUTE	4
19213.150240	c2s	GET_TENSOR	312
19213.173855	s2c	bytes	8
19213.174051	s2c	bytes	8192
19213.181459	c2s	SET_TENSOR	8497
19213.181638	c2s	SET_TENSOR	8497
19213.181673	c2s	SET_TENSOR	309
19213.181702	c2s	SET_TENSOR	313
19213.181723	c2s	SET_TENSOR	313
19213.181744	c2s	SET_TENSOR	817
19213.181766	c2s	SET_TENSOR	309
19213.181787	c2s	GRAPH_RECOMPUTE	4
19213.181810	c2s	GET_TENSOR	312
19213.206069	s2c	bytes	8200
19213.213463	c2s	SET_TENSOR	8497
19213.213623	c2s	SET_TENSOR	8497
19213.213658	c2s	SET_TENSOR	309
19213.213680	c2s	SET_TENSOR	313
19213.213703	c2s	SET_TENSOR	313
19213.213795	c2s	SET_TENSOR	817
19213.213826	c2s	SET_TENSOR	309
19213.213848	c2s	GRAPH_RECOMPUTE	4
19213.213869	c2s	GET_TENSOR	312
19213.237522	s2c	bytes	8200
19213.244882	c2s	SET_TENSOR	8497
19213.245090	c2s	SET_TENSOR	8497
19213.245206	c2s	SET_TENSOR	309
19213.245237	c2s	SET_TENSOR	313
19213.245260	c2s	SET_TENSOR	313
19213.245280	c2s	SET_TENSOR	817
19213.245303	c2s	SET_TENSOR	309
19213.245324	c2s	GRAPH_RECOMPUTE	4
19213.245346	c2s	GET_TENSOR	312
19213.268939	s2c	bytes	8
19213.270093	s2c	bytes	8192
19213.277508	c2s	SET_TENSOR	8497
19213.277724	c2s	SET_TENSOR	8497
19213.277758	c2s	SET_TENSOR	309
19213.277781	c2s	SET_TENSOR	313
19213.277802	c2s	SET_TENSOR	313
19213.277824	c2s	SET_TENSOR	817
19213.277918	c2s	SET_TENSOR	309
19213.277948	c2s	GRAPH_RECOMPUTE	4
19213.277971	c2s	GET_TENSOR	312
19213.301396	s2c	bytes	8200
19213.305608	c2s	SET_TENSOR	8497
19213.305730	c2s	SET_TENSOR	8497
19213.305801	c2s	SET_TENSOR	309
19213.305861	c2s	SET_TENSOR	313
19213.306332	c2s	SET_TENSOR	313
19213.306538	c2s	SET_TENSOR	817
19213.306700	c2s	SET_TENSOR	309
19213.306841	c2s	GRAPH_RECOMPUTE	4
19213.307350	c2s	GET_TENSOR	312
19213.329986	s2c	bytes	8
19213.330219	s2c	bytes	8192
19213.333865	c2s	SET_TENSOR	8497
19213.334114	c2s	SET_TENSOR	8497
19213.334314	c2s	SET_TENSOR	309
19213.334420	c2s	SET_TENSOR	313
19213.334503	c2s	SET_TENSOR	313
19213.334683	c2s	SET_TENSOR	817
19213.334812	c2s	SET_TENSOR	309
19213.334929	c2s	GRAPH_RECOMPUTE	4
19213.334985	c2s	GET_TENSOR	312
19213.357239	s2c	bytes	8
19213.357347	s2c	bytes	8192
19213.362276	c2s	SET_TENSOR	8497
19213.362460	c2s	SET_TENSOR	8497
19213.362499	c2s	SET_TENSOR	309
19213.362524	c2s	SET_TENSOR	313
19213.362546	c2s	SET_TENSOR	313
19213.362570	c2s	SET_TENSOR	817
19213.362661	c2s	SET_TENSOR	309
19213.362692	c2s	GRAPH_RECOMPUTE	4
19213.362718	c2s	GET_TENSOR	312
19213.387508	s2c	bytes	8200
19213.394927	c2s	SET_TENSOR	8497
19213.395126	c2s	SET_TENSOR	8497
19213.395164	c2s	SET_TENSOR	309
19213.395187	c2s	SET_TENSOR	313
19213.395299	c2s	SET_TENSOR	313
19213.395329	c2s	SET_TENSOR	817
19213.395350	c2s	SET_TENSOR	309
19213.395374	c2s	GRAPH_RECOMPUTE	4
19213.395396	c2s	GET_TENSOR	312
19213.418815	s2c	bytes	8
19213.419760	s2c	bytes	8192
19213.427224	c2s	SET_TENSOR	8497
19213.427386	c2s	SET_TENSOR	8497
19213.427418	c2s	SET_TENSOR	309
19213.427440	c2s	SET_TENSOR	313
19213.427462	c2s	SET_TENSOR	313
19213.427559	c2s	SET_TENSOR	817
19213.427589	c2s	SET_TENSOR	309
19213.427610	c2s	GRAPH_RECOMPUTE	4
19213.427975	c2s	GET_TENSOR	312
19213.471048	s2c	bytes	8200
19213.478525	c2s	SET_TENSOR	8497
19213.478680	c2s	SET_TENSOR	8497
19213.478977	c2s	SET_TENSOR	309
19213.479084	c2s	SET_TENSOR	313
19213.479201	c2s	SET_TENSOR	313
19213.479314	c2s	SET_TENSOR	817
19213.479425	c2s	SET_TENSOR	309
19213.479510	c2s	GRAPH_RECOMPUTE	4
19213.479599	c2s	GET_TENSOR	312
19213.503360	s2c	bytes	8200
19213.510795	c2s	SET_TENSOR	8497
19213.510957	c2s	SET_TENSOR	8497
19213.510990	c2s	SET_TENSOR	309
19213.511139	c2s	SET_TENSOR	313
19213.511301	c2s	SET_TENSOR	313
19213.511502	c2s	SET_TENSOR	817
19213.511615	c2s	SET_TENSOR	309
19213.511707	c2s	GRAPH_RECOMPUTE	4
19213.511736	c2s	GET_TENSOR	312
19213.534278	s2c	bytes	8200
19213.541899	c2s	SET_TENSOR	8497
19213.542099	c2s	SET_TENSOR	8497
19213.542142	c2s	SET_TENSOR	309
19213.542248	c2s	SET_TENSOR	313
19213.542347	c2s	SET_TENSOR	313
19213.542452	c2s	SET_TENSOR	817
19213.542548	c2s	SET_TENSOR	309
19213.542654	c2s	GRAPH_RECOMPUTE	4
19213.542732	c2s	GET_TENSOR	312
19213.566726	s2c	bytes	8200
19213.574174	c2s	SET_TENSOR	8497
19213.574365	c2s	SET_TENSOR	8497
19213.574398	c2s	SET_TENSOR	309
19213.574422	c2s	SET_TENSOR	313
19213.574516	c2s	SET_TENSOR	313
19213.574545	c2s	SET_TENSOR	817
19213.574644	c2s	SET_TENSOR	309
19213.574673	c2s	GRAPH_RECOMPUTE	4
19213.574695	c2s	GET_TENSOR	312
19213.597972	s2c	bytes	8
19213.598095	s2c	bytes	8192
19213.605554	c2s	SET_TENSOR	8497
19213.605772	c2s	SET_TENSOR	8497
19213.605805	c2s	SET_TENSOR	309
19213.605830	c2s	SET_TENSOR	313
19213.605850	c2s	SET_TENSOR	313
19213.605871	c2s	SET_TENSOR	817
19213.605963	c2s	SET_TENSOR	309
19213.605993	c2s	GRAPH_RECOMPUTE	4
19213.606031	c2s	GET_TENSOR	312
19213.627327	s2c	bytes	8200
19213.634704	c2s	SET_TENSOR	8497
19213.634867	c2s	SET_TENSOR	8497
19213.634898	c2s	SET_TENSOR	309
19213.634919	c2s	SET_TENSOR	313
19213.634939	c2s	SET_TENSOR	313
19213.634958	c2s	SET_TENSOR	817
19213.634978	c2s	SET_TENSOR	309
19213.634998	c2s	GRAPH_RECOMPUTE	4
19213.635044	c2s	GET_TENSOR	312
19213.656370	s2c	bytes	8200
19213.663731	c2s	SET_TENSOR	8497
19213.663906	c2s	SET_TENSOR	8497
19213.663941	c2s	SET_TENSOR	309
19213.663964	c2s	SET_TENSOR	313
19213.664098	c2s	SET_TENSOR	313
19213.664130	c2s	SET_TENSOR	817
19213.664152	c2s	SET_TENSOR	309
19213.664173	c2s	GRAPH_RECOMPUTE	4
19213.664253	c2s	GET_TENSOR	312
19213.687904	s2c	bytes	8200
19213.695339	c2s	SET_TENSOR	8497
19213.695513	c2s	SET_TENSOR	8497
19213.695546	c2s	SET_TENSOR	309
19213.695572	c2s	SET_TENSOR	313
19213.695593	c2s	SET_TENSOR	313
19213.695618	c2s	SET_TENSOR	817
19213.695712	c2s	SET_TENSOR	309
19213.695742	c2s	GRAPH_RECOMPUTE	4
19213.695764	c2s	GET_TENSOR	312
19213.718500	s2c	bytes	8200
19213.725856	c2s	SET_TENSOR	8497
19213.726026	c2s	SET_TENSOR	8497
19213.726059	c2s	SET_TENSOR	309
19213.726080	c2s	SET_TENSOR	313
19213.726160	c2s	SET_TENSOR	313
19213.726656	c2s	SET_TENSOR	817
19213.726748	c2s	SET_TENSOR	309
19213.727102	c2s	GRAPH_RECOMPUTE	4
19213.727182	c2s	GET_TENSOR	312
19213.750094	s2c	bytes	8200
19213.757506	c2s	SET_TENSOR	8497
19213.757707	c2s	SET_TENSOR	8497
19213.757742	c2s	SET_TENSOR	309
19213.757765	c2s	SET_TENSOR	313
19213.757787	c2s	SET_TENSOR	313
19213.757896	c2s	SET_TENSOR	817
19213.757928	c2s	SET_TENSOR	309
19213.757949	c2s	GRAPH_RECOMPUTE	4
19213.757975	c2s	GET_TENSOR	312
19213.782265	s2c	bytes	8200
19213.789680	c2s	SET_TENSOR	8497
19213.789854	c2s	SET_TENSOR	8497
19213.789886	c2s	SET_TENSOR	309
19213.789907	c2s	SET_TENSOR	313
19213.789930	c2s	SET_TENSOR	313
19213.789952	c2s	SET_TENSOR	817
19213.790072	c2s	SET_TENSOR	309
19213.790103	c2s	GRAPH_RECOMPUTE	4
19213.790126	c2s	GET_TENSOR	312
19213.813176	s2c	bytes	8200
19213.820617	c2s	SET_TENSOR	8497
19213.820787	c2s	SET_TENSOR	8497
19213.820820	c2s	SET_TENSOR	309
19213.820842	c2s	SET_TENSOR	313
19213.820862	c2s	SET_TENSOR	313
19213.820885	c2s	SET_TENSOR	817
19213.820906	c2s	SET_TENSOR	309
19213.820930	c2s	GRAPH_RECOMPUTE	4
19213.820951	c2s	GET_TENSOR	312
19213.842814	s2c	bytes	8200
19213.850213	c2s	SET_TENSOR	8497
19213.850431	c2s	SET_TENSOR	8497
19213.850470	c2s	SET_TENSOR	309
19213.850495	c2s	SET_TENSOR	313
19213.850521	c2s	SET_TENSOR	313
19213.850622	c2s	SET_TENSOR	817
19213.850653	c2s	SET_TENSOR	309
19213.850674	c2s	GRAPH_RECOMPUTE	4
19213.850698	c2s	GET_TENSOR	312
19213.872842	s2c	bytes	8
19213.872962	s2c	bytes	8192
19213.877114	c2s	SET_TENSOR	8497
19213.877504	c2s	SET_TENSOR	8497
19213.877729	c2s	SET_TENSOR	309
19213.877874	c2s	SET_TENSOR	313
19213.877973	c2s	SET_TENSOR	313
19213.878083	c2s	SET_TENSOR	817
19213.878302	c2s	SET_TENSOR	309
19213.878400	c2s	GRAPH_RECOMPUTE	4
19213.878494	c2s	GET_TENSOR	312
19213.902875	s2c	bytes	8200
19213.906605	c2s	SET_TENSOR	8497
19213.906759	c2s	SET_TENSOR	8497
19213.906945	c2s	SET_TENSOR	309
19213.907108	c2s	SET_TENSOR	313
19213.907334	c2s	SET_TENSOR	313
19213.907599	c2s	SET_TENSOR	817
19213.907886	c2s	SET_TENSOR	309
19213.907921	c2s	GRAPH_RECOMPUTE	4
19213.908109	c2s	GET_TENSOR	312
19213.931342	s2c	bytes	8200
19213.937043	c2s	SET_TENSOR	8497
19213.937205	c2s	SET_TENSOR	8497
19213.937641	c2s	SET_TENSOR	309
19213.937847	c2s	SET_TENSOR	313
19213.938055	c2s	SET_TENSOR	313
19213.938326	c2s	SET_TENSOR	817
19213.938515	c2s	SET_TENSOR	309
19213.938641	c2s	GRAPH_RECOMPUTE	4
19213.938668	c2s	GET_TENSOR	312
19213.961411	s2c	bytes	8
19213.961564	s2c	bytes	8192
19213.969023	c2s	SET_TENSOR	8497
19213.969236	c2s	SET_TENSOR	8497
19213.969270	c2s	SET_TENSOR	309
19213.969292	c2s	SET_TENSOR	313
19213.969312	c2s	SET_TENSOR	313
19213.969331	c2s	SET_TENSOR	817
19213.969352	c2s	SET_TENSOR	309
19213.969372	c2s	GRAPH_RECOMPUTE	4
19213.969393	c2s	GET_TENSOR	312
19213.994493	s2c	bytes	8200
19214.001940	c2s	SET_TENSOR	8497
19214.002123	c2s	SET_TENSOR	8497
19214.002157	c2s	SET_TENSOR	309
19214.002180	c2s	SET_TENSOR	313
19214.002204	c2s	SET_TENSOR	313
19214.002229	c2s	SET_TENSOR	817
19214.002250	c2s	SET_TENSOR	309
19214.002271	c2s	GRAPH_RECOMPUTE	4
19214.002293	c2s	GET_TENSOR	312
19214.026182	s2c	bytes	8200
19214.033562	c2s	SET_TENSOR	8497
19214.033751	c2s	SET_TENSOR	8497
19214.033789	c2s	SET_TENSOR	309
19214.033815	c2s	SET_TENSOR	313
19214.033838	c2s	SET_TENSOR	313
19214.033933	c2s	SET_TENSOR	817
19214.033964	c2s	SET_TENSOR	309
19214.033985	c2s	GRAPH_RECOMPUTE	4
19214.034030	c2s	GET_TENSOR	312
19214.057149	s2c	bytes	8200
19214.064545	c2s	SET_TENSOR	8497
19214.064701	c2s	SET_TENSOR	8497
19214.064735	c2s	SET_TENSOR	309
19214.064758	c2s	SET_TENSOR	313
19214.065244	c2s	SET_TENSOR	313
19214.065343	c2s	SET_TENSOR	817
19214.065432	c2s	SET_TENSOR	309
19214.065518	c2s	GRAPH_RECOMPUTE	4
19214.065604	c2s	GET_TENSOR	312
19214.089047	s2c	bytes	8200
19214.092966	c2s	SET_TENSOR	8497
19214.093279	c2s	SET_TENSOR	8497
19214.093426	c2s	SET_TENSOR	309
19214.093573	c2s	SET_TENSOR	313
19214.093689	c2s	SET_TENSOR	313
19214.093869	c2s	SET_TENSOR	817
19214.094067	c2s	SET_TENSOR	309
19214.094175	c2s	GRAPH_RECOMPUTE	4
19214.094278	c2s	GET_TENSOR	312
19214.117773	s2c	bytes	8200
19214.121476	c2s	SET_TENSOR	8497
19214.121655	c2s	SET_TENSOR	8497
19214.121970	c2s	SET_TENSOR	309
19214.122163	c2s	SET_TENSOR	313
19214.122396	c2s	SET_TENSOR	313
19214.122686	c2s	SET_TENSOR	817
19214.122965	c2s	SET_TENSOR	309
19214.122997	c2s	GRAPH_RECOMPUTE	4
19214.123185	c2s	GET_TENSOR	312
19214.146032	s2c	bytes	8
19214.146180	s2c	bytes	8192
19214.151341	c2s	SET_TENSOR	8497
19214.151574	c2s	SET_TENSOR	8497
19214.151610	c2s	SET_TENSOR	309
19214.151634	c2s	SET_TENSOR	313
19214.151656	c2s	SET_TENSOR	313
19214.151676	c2s	SET_TENSOR	817
19214.151698	c2s	SET_TENSOR	309
19214.151719	c2s	GRAPH_RECOMPUTE	4
19214.151805	c2s	GET_TENSOR	312
19214.175088	s2c	bytes	8200
19214.182539	c2s	SET_TENSOR	8497
19214.182910	c2s	SET_TENSOR	8497
19214.183023	c2s	SET_TENSOR	309
19214.183153	c2s	SET_TENSOR	313
19214.183241	c2s	SET_TENSOR	313
19214.183519	c2s	SET_TENSOR	817
19214.183667	c2s	SET_TENSOR	309
19214.183777	c2s	GRAPH_RECOMPUTE	4
19214.183878	c2s	GET_TENSOR	312
19214.208089	s2c	bytes	8200
19214.215465	c2s	SET_TENSOR	8497
19214.215688	c2s	SET_TENSOR	8497
19214.215723	c2s	SET_TENSOR	309
19214.215746	c2s	SET_TENSOR	313
19214.215767	c2s	SET_TENSOR	313
19214.215787	c2s	SET_TENSOR	817
19214.215808	c2s	SET_TENSOR	309
19214.215898	c2s	GRAPH_RECOMPUTE	4
19214.215929	c2s	GET_TENSOR	312
19214.239067	s2c	bytes	8200
19214.246586	c2s	SET_TENSOR	8497
19214.246733	c2s	SET_TENSOR	8497
19214.247247	c2s	SET_TENSOR	309
19214.247351	c2s	SET_TENSOR	313
19214.247665	c2s	SET_TENSOR	313
19214.247754	c2s	SET_TENSOR	817
19214.247865	c2s	SET_TENSOR	309
19214.247948	c2s	GRAPH_RECOMPUTE	4
19214.248048	c2s	GET_TENSOR	312
19214.272087	s2c	bytes	8200
19214.275858	c2s	SET_TENSOR	8497
19214.276160	c2s	SET_TENSOR	8497
19214.276429	c2s	SET_TENSOR	309
19214.276631	c2s	SET_TENSOR	313
19214.276754	c2s	SET_TENSOR	313
19214.276789	c2s	SET_TENSOR	817
19214.276812	c2s	SET_TENSOR	309
19214.276834	c2s	GRAPH_RECOMPUTE	4
19214.276855	c2s	GET_TENSOR	312
19214.305670	s2c	bytes	8
19214.305852	s2c	bytes	8192
19214.313272	c2s	SET_TENSOR	8497
19214.313447	c2s	SET_TENSOR	8497
19214.313478	c2s	SET_TENSOR	309
19214.313499	c2s	SET_TENSOR	313
19214.313520	c2s	SET_TENSOR	313
19214.313626	c2s	SET_TENSOR	817
19214.313657	c2s	SET_TENSOR	309
19214.313677	c2s	GRAPH_RECOMPUTE	4
19214.313699	c2s	GET_TENSOR	312
19214.337074	s2c	bytes	8200
19214.343253	c2s	SET_TENSOR	8497
19214.343344	c2s	SET_TENSOR	8497
19214.343356	c2s	SET_TENSOR	309
19214.343365	c2s	SET_TENSOR	313
19214.343373	c2s	SET_TENSOR	313
19214.343380	c2s	SET_TENSOR	817
19214.343388	c2s	SET_TENSOR	309
19214.343396	c2s	GRAPH_RECOMPUTE	4
19214.343404	c2s	GET_TENSOR	312
19214.366866	s2c	bytes	8200
19214.374318	c2s	SET_TENSOR	8497
19214.374502	c2s	SET_TENSOR	8497
19214.374538	c2s	SET_TENSOR	309
19214.374562	c2s	SET_TENSOR	313
19214.374585	c2s	SET_TENSOR	313
19214.374695	c2s	SET_TENSOR	817
19214.374726	c2s	SET_TENSOR	309
19214.374748	c2s	GRAPH_RECOMPUTE	4
19214.374769	c2s	GET_TENSOR	312
19214.400055	s2c	bytes	8200
19214.406551	c2s	GET_DEVICE_MEMORY	4
19214.407607	s2c	bytes	24
19214.408055	c2s	FREE_BUFFER	8
19214.408340	c2s	FREE_BUFFER	8
19214.433834	c2s	FREE_BUFFER	8
