16771.504164	conn	open	0
16771.504825	c2s	HELLO	24
16771.507700	s2c	bytes	36
16771.507818	c2s	DEVICE_COUNT	0
16771.508241	s2c	bytes	12
16771.509557	conn	open	0
16771.509826	c2s	HELLO	24
16771.511559	s2c	bytes	36
16771.511706	c2s	GET_ALIGNMENT	4
16771.512183	s2c	bytes	16
16771.512269	c2s	GET_MAX_SIZE	4
16771.512687	s2c	bytes	16
16771.569572	conn	open	0
16771.569930	c2s	HELLO	24
16771.572448	s2c	bytes	36
16771.572530	c2s	GET_DEVICE_MEMORY	4
16771.572962	s2c	bytes	24
16771.672700	conn	open	0
16771.672888	c2s	HELLO	24
16771.681455	s2c	bytes	36
16771.681555	c2s	GET_DEVICE_MEMORY	4
16771.681841	s2c	bytes	24
16771.681961	conn	open	0
16771.682060	c2s	HELLO	24
16771.686726	s2c	bytes	36
16771.686770	c2s	GET_DEVICE_MEMORY	4
16771.687167	s2c	bytes	8
16771.687203	s2c	bytes	16
16771.689042	conn	open	0
16771.689174	c2s	HELLO	24
16771.693806	s2c	bytes	36
16771.693887	c2s	GET_DEVICE_MEMORY	4
16771.694259	s2c	bytes	8
16771.694315	s2c	bytes	16
16771.695709	conn	open	0
16771.695915	c2s	HELLO	24
16771.701126	s2c	bytes	36
16771.703194	c2s	GET_ALLOC_SIZE	3260
16771.703490	s2c	bytes	8
16771.703558	s2c	bytes	8
16771.703659	c2s	GET_ALLOC_SIZE	3260
16771.704122	s2c	bytes	16
16771.704267	c2s	GET_ALLOC_SIZE	3260
16771.704619	s2c	bytes	16
16771.704708	c2s	GET_ALLOC_SIZE	3260
16771.704997	s2c	bytes	16
16771.706281	c2s	GET_DEVICE_MEMORY	4
16771.706583	s2c	bytes	24
16771.706680	c2s	GET_DEVICE_MEMORY	4
16771.706971	s2c	bytes	24
16771.761518	conn	open	0
16771.761728	c2s	HELLO	24
16771.765313	s2c	bytes	36
16771.765392	c2s	GET_DEVICE_MEMORY	4
16771.765740	s2c	bytes	24
16771.858094	conn	open	0
16771.858265	c2s	HELLO	24
16771.863166	s2c	bytes	36
16771.863237	c2s	GET_DEVICE_MEMORY	4
16771.863583	s2c	bytes	24
16771.863722	conn	open	0
16771.863828	c2s	HELLO	24
16771.865692	s2c	bytes	36
16771.865743	c2s	GET_DEVICE_MEMORY	4
16771.866122	s2c	bytes	24
16771.866219	conn	open	0
16771.866313	c2s	HELLO	24
16771.867585	s2c	bytes	36
16771.867698	c2s	GET_DEVICE_MEMORY	4
16771.867958	s2c	bytes	8
16771.867996	s2c	bytes	16
16771.884979	conn	open	0
16771.885143	c2s	HELLO	24
16771.886452	s2c	bytes	36
16771.886489	c2s	GET_DEVICE_MEMORY	4
16771.886789	s2c	bytes	24
16771.886902	conn	open	0
16771.887028	c2s	HELLO	24
16771.888228	s2c	bytes	36
16771.888272	c2s	ALLOC_BUFFER	12
16771.916691	s2c	bytes	24
16771.916770	c2s	BUFFER_GET_BASE	8
16771.917178	s2c	bytes	16
16772.126618	c2s	SET_TENSOR	8497
16772.126691	c2s	SET_TENSOR	8497
16772.128898	c2s	SET_TENSOR	2359601
16772.129857	c2s	SET_TENSOR	1179953
16772.130381	c2s	SET_TENSOR	1179953
16772.141506	c2s	SET_TENSOR	2359601
16772.141675	c2s	SET_TENSOR	817
16772.141688	c2s	SET_TENSOR	817
16772.141696	c2s	SET_TENSOR	8497
16772.173971	c2s	SET_TENSOR	7078193
16772.209765	c2s	SET_TENSOR	7078193
16772.236717	c2s	SET_TENSOR	7078193
16772.237026	c2s	SET_TENSOR	8497
16772.247250	c2s	SET_TENSOR	2359601
16772.254075	c2s	SET_TENSOR	1179953
16772.254807	c2s	SET_TENSOR	1179953
16772.265027	c2s	SET_TENSOR	2359601
16772.265100	c2s	SET_TENSOR	817
16772.265109	c2s	SET_TENSOR	817
16772.265118	c2s	SET_TENSOR	8497
16772.292718	c2s	SET_TENSOR	7078193
16772.324109	c2s	SET_TENSOR	7078193
16772.350714	c2s	SET_TENSOR	7078193
16772.351030	c2s	SET_TENSOR	8497
16772.357541	c2s	SET_TENSOR	2359601
16772.359465	c2s	SET_TENSOR	1179953
16772.367407	c2s	SET_TENSOR	1720625
16772.377276	c2s	SET_TENSOR	2359601
16772.377331	c2s	SET_TENSOR	817
16772.377339	c2s	SET_TENSOR	817
16772.377346	c2s	SET_TENSOR	8497
16772.399315	c2s	SET_TENSOR	7078193
16772.435932	c2s	SET_TENSOR	10322225
16772.455969	c2s	SET_TENSOR	7078193
16772.457296	c2s	SET_TENSOR	8497
16772.464106	c2s	SET_TENSOR	2359601
16772.465447	c2s	SET_TENSOR	1179953
16772.472411	c2s	SET_TENSOR	1179953
16772.480082	c2s	SET_TENSOR	2359601
16772.480239	c2s	SET_TENSOR	817
16772.480267	c2s	SET_TENSOR	817
16772.480275	c2s	SET_TENSOR	8497
16772.500896	c2s	SET_TENSOR	7078193
16772.519499	c2s	SET_TENSOR	7078193
16772.543095	c2s	SET_TENSOR	7078193
16772.543225	c2s	SET_TENSOR	8497
16772.549672	c2s	SET_TENSOR	2359601
16772.550344	c2s	SET_TENSOR	1179953
16772.555101	c2s	SET_TENSOR	1179953
16772.561242	c2s	SET_TENSOR	2359601
16772.561262	c2s	SET_TENSOR	817
16772.561264	c2s	SET_TENSOR	817
16772.561266	c2s	SET_TENSOR	8497
16772.581977	c2s	SET_TENSOR	7078193
16772.603893	c2s	SET_TENSOR	7078193
16772.628115	c2s	SET_TENSOR	7078193
16772.628214	c2s	SET_TENSOR	8497
16772.634190	c2s	SET_TENSOR	2359601
16772.639307	c2s	SET_TENSOR	1179953
16772.645324	c2s	SET_TENSOR	1720625
16772.650798	c2s	SET_TENSOR	2359601
16772.650883	c2s	SET_TENSOR	817
16772.650917	c2s	SET_TENSOR	817
16772.650926	c2s	SET_TENSOR	8497
16772.672417	c2s	SET_TENSOR	7078193
16772.706621	c2s	SET_TENSOR	10322225
16772.727067	c2s	SET_TENSOR	7078193
16772.727195	c2s	SET_TENSOR	8497
16772.733111	c2s	SET_TENSOR	2359601
16772.740471	c2s	SET_TENSOR	1179953
16772.742147	c2s	SET_TENSOR	1179953
16772.750616	c2s	SET_TENSOR	2359601
16772.750743	c2s	SET_TENSOR	817
16772.750753	c2s	SET_TENSOR	817
16772.750761	c2s	SET_TENSOR	8497
16772.768361	c2s	SET_TENSOR	7078193
16772.787405	c2s	SET_TENSOR	7078193
16772.807934	c2s	SET_TENSOR	7078193
16772.807999	c2s	SET_TENSOR	8497
16772.815207	c2s	SET_TENSOR	2359601
16772.819394	c2s	SET_TENSOR	1179953
16772.824848	c2s	SET_TENSOR	1179953
16772.831560	c2s	SET_TENSOR	2359601
16772.831659	c2s	SET_TENSOR	817
16772.831669	c2s	SET_TENSOR	817
16772.831677	c2s	SET_TENSOR	8497
16772.854882	c2s	SET_TENSOR	7078193
16772.871741	c2s	SET_TENSOR	7078193
16772.895477	c2s	SET_TENSOR	7078193
16772.895579	c2s	SET_TENSOR	8497
16772.899430	c2s	SET_TENSOR	2359601
16772.908129	c2s	SET_TENSOR	1179953
16772.909495	c2s	SET_TENSOR	1720625
16772.920699	c2s	SET_TENSOR	2359601
16772.920855	c2s	SET_TENSOR	817
16772.920865	c2s	SET_TENSOR	817
16772.920871	c2s	SET_TENSOR	8497
16772.938124	c2s	SET_TENSOR	7078193
16772.970578	c2s	SET_TENSOR	10322225
16772.992726	c2s	SET_TENSOR	7078193
16772.992829	c2s	SET_TENSOR	8497
16772.998485	c2s	SET_TENSOR	2359601
16772.999080	c2s	SET_TENSOR	1179953
16773.004804	c2s	SET_TENSOR	1720625
16773.012035	c2s	SET_TENSOR	2359601
16773.012137	c2s	SET_TENSOR	817
16773.012148	c2s	SET_TENSOR	817
16773.012156	c2s	SET_TENSOR	8497
16773.031274	c2s	SET_TENSOR	7078193
16773.067141	c2s	SET_TENSOR	10322225
16773.086084	c2s	SET_TENSOR	7078193
16773.086156	c2s	SET_TENSOR	8497
16773.092982	c2s	SET_TENSOR	2359601
16773.095304	c2s	SET_TENSOR	1179953
16773.101361	c2s	SET_TENSOR	1720625
16773.108499	c2s	SET_TENSOR	2359601
16773.108582	c2s	SET_TENSOR	817
16773.108589	c2s	SET_TENSOR	817
16773.108601	c2s	SET_TENSOR	8497
16773.130546	c2s	SET_TENSOR	7078193
16773.158477	c2s	SET_TENSOR	10322225
16773.176862	c2s	SET_TENSOR	7078193
16773.176965	c2s	SET_TENSOR	8497
16773.183534	c2s	SET_TENSOR	2359601
16773.190454	c2s	SET_TENSOR	1179953
16773.195220	c2s	SET_TENSOR	1720625
16773.198721	c2s	SET_TENSOR	2359601
16773.198786	c2s	SET_TENSOR	817
16773.198793	c2s	SET_TENSOR	817
16773.198800	c2s	SET_TENSOR	8497
16773.223315	c2s	SET_TENSOR	7078193
16773.258673	c2s	SET_TENSOR	10322225
16773.280465	c2s	SET_TENSOR	7078193
16773.280556	c2s	SET_TENSOR	8497
16773.285952	c2s	SET_TENSOR	2359601
16773.286680	c2s	SET_TENSOR	1179953
16773.298010	c2s	SET_TENSOR	1720625
16773.306173	c2s	SET_TENSOR	2359601
16773.306244	c2s	SET_TENSOR	817
16773.306254	c2s	SET_TENSOR	817
16773.306262	c2s	SET_TENSOR	8497
16773.331551	c2s	SET_TENSOR	7078193
16773.366975	c2s	SET_TENSOR	10322225
16773.388578	c2s	SET_TENSOR	7078193
16773.420263	c2s	ALLOC_BUFFER	12
16773.451813	s2c	bytes	24
16773.451977	c2s	BUFFER_GET_BASE	8
16773.452345	s2c	bytes	16
16773.452443	c2s	BUFFER_CLEAR	9
16773.457757	c2s	ALLOC_BUFFER	12
16773.469644	s2c	bytes	24
16773.471245	c2s	GET_ALLOC_SIZE	3260
16773.471832	s2c	bytes	16
16773.471983	c2s	GET_ALLOC_SIZE	3260
16773.472523	s2c	bytes	16
16773.472669	c2s	GET_ALLOC_SIZE	3260
16773.473170	s2c	bytes	16
16773.473319	c2s	GET_ALLOC_SIZE	3260
16773.473835	s2c	bytes	16
16773.478377	c2s	GET_ALLOC_SIZE	3260
16773.478954	s2c	bytes	16
16773.479119	c2s	GET_ALLOC_SIZE	3260
16773.479645	s2c	bytes	16
16773.479814	c2s	GET_ALLOC_SIZE	3260
16773.480298	s2c	bytes	16
16773.480443	c2s	GET_ALLOC_SIZE	3260
16773.480848	s2c	bytes	16
16773.481314	c2s	BUFFER_GET_BASE	8
16773.481825	s2c	bytes	16
16773.494070	c2s	SET_TENSOR	16689
16773.494167	c2s	SET_TENSOR	16689
16773.494384	c2s	SET_TENSOR	313
16773.494415	c2s	SET_TENSOR	321
16773.494579	c2s	SET_TENSOR	321
16773.494780	c2s	SET_TENSOR	1329
16773.494869	c2s	SET_TENSOR	309
16773.496014	c2s	GRAPH_COMPUTE	192244
16773.496058	c2s	GET_TENSOR	312
16773.516640	s2c	bytes	8200
16773.522335	c2s	BUFFER_CLEAR	9
16773.529058	c2s	GET_ALLOC_SIZE	3260
16773.529352	s2c	bytes	8
16773.529457	s2c	bytes	8
16773.529690	c2s	GET_ALLOC_SIZE	3260
16773.530008	s2c	bytes	16
16773.530238	c2s	GET_ALLOC_SIZE	3260
16773.530626	s2c	bytes	16
16773.530744	c2s	GET_ALLOC_SIZE	3260
16773.531168	s2c	bytes	16
16773.553230	c2s	SET_TENSOR	41265
16773.553388	c2s	SET_TENSOR	41265
16773.553432	c2s	SET_TENSOR	325
16773.553458	c2s	SET_TENSOR	345
16773.553483	c2s	SET_TENSOR	345
16773.553935	c2s	SET_TENSOR	2865
16773.553967	c2s	SET_TENSOR	309
16773.553989	c2s	GRAPH_COMPUTE	192244
16773.554030	c2s	GET_TENSOR	312
16773.570622	s2c	bytes	8200
16773.580308	c2s	SET_TENSOR	8497
16773.580725	c2s	SET_TENSOR	8497
16773.580975	c2s	SET_TENSOR	309
16773.581087	c2s	SET_TENSOR	313
16773.581178	c2s	SET_TENSOR	313
16773.581301	c2s	SET_TENSOR	817
16773.581387	c2s	SET_TENSOR	309
16773.582118	c2s	GRAPH_COMPUTE	192244
16773.582157	c2s	GET_TENSOR	312
16773.594491	s2c	bytes	8200
16773.603727	c2s	SET_TENSOR	8497
16773.604131	c2s	SET_TENSOR	8497
16773.604231	c2s	SET_TENSOR	309
16773.604317	c2s	SET_TENSOR	313
16773.604407	c2s	SET_TENSOR	313
16773.604653	c2s	SET_TENSOR	817
16773.604811	c2s	SET_TENSOR	309
16773.604902	c2s	GRAPH_RECOMPUTE	4
16773.604935	c2s	GET_TENSOR	312
16773.616807	s2c	bytes	8200
16773.627323	c2s	SET_TENSOR	8497
16773.627415	c2s	SET_TENSOR	8497
16773.627427	c2s	SET_TENSOR	309
16773.627437	c2s	SET_TENSOR	313
16773.627470	c2s	SET_TENSOR	313
16773.627479	c2s	SET_TENSOR	817
16773.627508	c2s	SET_TENSOR	309
16773.627625	c2s	GRAPH_RECOMPUTE	4
16773.627651	c2s	GET_TENSOR	312
16773.639434	s2c	bytes	8200
16773.648659	c2s	SET_TENSOR	8497
16773.648803	c2s	SET_TENSOR	8497
16773.649025	c2s	SET_TENSOR	309
16773.649161	c2s	SET_TENSOR	313
16773.649429	c2s	SET_TENSOR	313
16773.649547	c2s	SET_TENSOR	817
16773.649649	c2s	SET_TENSOR	309
16773.649736	c2s	GRAPH_RECOMPUTE	4
16773.649795	c2s	GET_TENSOR	312
16773.663919	s2c	bytes	8200
16773.675313	c2s	SET_TENSOR	8497
16773.675351	c2s	SET_TENSOR	8497
16773.675467	c2s	SET_TENSOR	309
16773.675663	c2s	SET_TENSOR	313
16773.675948	c2s	SET_TENSOR	313
16773.675964	c2s	SET_TENSOR	817
16773.675973	c2s	SET_TENSOR	309
16773.676693	c2s	GRAPH_RECOMPUTE	4
16773.676762	c2s	GET_TENSOR	312
16773.689570	s2c	bytes	8
16773.689700	s2c	bytes	8192
16773.699411	c2s	SET_TENSOR	8497
16773.699706	c2s	SET_TENSOR	8497
16773.699936	c2s	SET_TENSOR	309
16773.700295	c2s	SET_TENSOR	313
16773.700335	c2s	SET_TENSOR	313
16773.700490	c2s	SET_TENSOR	817
16773.700596	c2s	SET_TENSOR	309
16773.700666	c2s	GRAPH_RECOMPUTE	4
16773.700753	c2s	GET_TENSOR	312
16773.713553	s2c	bytes	8200
16773.722796	c2s	SET_TENSOR	8497
16773.722910	c2s	SET_TENSOR	8497
16773.723054	c2s	SET_TENSOR	309
16773.723135	c2s	SET_TENSOR	313
16773.723153	c2s	SET_TENSOR	313
16773.723214	c2s	SET_TENSOR	817
16773.723233	c2s	SET_TENSOR	309
16773.723246	c2s	GRAPH_RECOMPUTE	4
16773.723260	c2s	GET_TENSOR	312
16773.735605	s2c	bytes	8200
16773.744867	c2s	SET_TENSOR	8497
16773.745157	c2s	SET_TENSOR	8497
16773.745293	c2s	SET_TENSOR	309
16773.745452	c2s	SET_TENSOR	313
16773.745569	c2s	SET_TENSOR	313
16773.745723	c2s	SET_TENSOR	817
16773.745822	c2s	SET_TENSOR	309
16773.746053	c2s	GRAPH_RECOMPUTE	4
16773.746259	c2s	GET_TENSOR	312
16773.758674	s2c	bytes	8200
16773.767978	c2s	SET_TENSOR	8497
16773.768122	c2s	SET_TENSOR	8497
16773.768212	c2s	SET_TENSOR	309
16773.768299	c2s	SET_TENSOR	313
16773.768415	c2s	SET_TENSOR	313
16773.768536	c2s	SET_TENSOR	817
16773.768819	c2s	SET_TENSOR	309
16773.768849	c2s	GRAPH_RECOMPUTE	4
16773.769015	c2s	GET_TENSOR	312
16773.781243	s2c	bytes	8200
16773.790515	c2s	SET_TENSOR	8497
16773.790620	c2s	SET_TENSOR	8497
16773.790746	c2s	SET_TENSOR	309
16773.790831	c2s	SET_TENSOR	313
16773.790942	c2s	SET_TENSOR	313
16773.791093	c2s	SET_TENSOR	817
16773.791179	c2s	SET_TENSOR	309
16773.791263	c2s	GRAPH_RECOMPUTE	4
16773.791348	c2s	GET_TENSOR	312
16773.804069	s2c	bytes	8200
16773.813313	c2s	SET_TENSOR	8497
16773.813453	c2s	SET_TENSOR	8497
16773.813802	c2s	SET_TENSOR	309
16773.813893	c2s	SET_TENSOR	313
16773.813979	c2s	SET_TENSOR	313
16773.814126	c2s	SET_TENSOR	817
16773.814214	c2s	SET_TENSOR	309
16773.814299	c2s	GRAPH_RECOMPUTE	4
16773.814383	c2s	GET_TENSOR	312
16773.828159	s2c	bytes	8200
16773.837411	c2s	SET_TENSOR	8497
16773.837553	c2s	SET_TENSOR	8497
16773.837642	c2s	SET_TENSOR	309
16773.837733	c2s	SET_TENSOR	313
16773.837856	c2s	SET_TENSOR	313
16773.838209	c2s	SET_TENSOR	817
16773.838295	c2s	SET_TENSOR	309
16773.838379	c2s	GRAPH_RECOMPUTE	4
16773.838470	c2s	GET_TENSOR	312
16773.850941	s2c	bytes	8
16773.851100	s2c	bytes	8192
16773.861394	c2s	SET_TENSOR	8497
16773.861486	c2s	SET_TENSOR	8497
16773.861576	c2s	SET_TENSOR	309
16773.861676	c2s	SET_TENSOR	313
16773.861774	c2s	SET_TENSOR	313
16773.861874	c2s	SET_TENSOR	817
16773.861988	c2s	SET_TENSOR	309
16773.862411	c2s	GRAPH_RECOMPUTE	4
16773.862513	c2s	GET_TENSOR	312
16773.874837	s2c	bytes	8
16773.874938	s2c	bytes	8192
16773.884529	c2s	SET_TENSOR	8497
16773.884634	c2s	SET_TENSOR	8497
16773.884725	c2s	SET_TENSOR	309
16773.884840	c2s	SET_TENSOR	313
16773.884962	c2s	SET_TENSOR	313
16773.885065	c2s	SET_TENSOR	817
16773.885206	c2s	SET_TENSOR	309
16773.885290	c2s	GRAPH_RECOMPUTE	4
16773.885373	c2s	GET_TENSOR	312
16773.898378	s2c	bytes	8200
16773.908130	c2s	SET_TENSOR	8497
16773.908288	c2s	SET_TENSOR	8497
16773.908390	c2s	SET_TENSOR	309
16773.908534	c2s	SET_TENSOR	313
16773.908621	c2s	SET_TENSOR	313
16773.908706	c2s	SET_TENSOR	817
16773.908843	c2s	SET_TENSOR	309
16773.908926	c2s	GRAPH_RECOMPUTE	4
16773.909022	c2s	GET_TENSOR	312
16773.921448	s2c	bytes	8200
16773.931126	c2s	SET_TENSOR	8497
16773.931473	c2s	SET_TENSOR	8497
16773.931633	c2s	SET_TENSOR	309
16773.931804	c2s	SET_TENSOR	313
16773.932074	c2s	SET_TENSOR	313
16773.932390	c2s	SET_TENSOR	817
16773.932426	c2s	SET_TENSOR	309
16773.932605	c2s	GRAPH_RECOMPUTE	4
16773.932634	c2s	GET_TENSOR	312
16773.944483	s2c	bytes	8
16773.944577	s2c	bytes	8192
16773.955029	c2s	SET_TENSOR	8497
16773.955119	c2s	SET_TENSOR	8497
16773.955304	c2s	SET_TENSOR	309
16773.955464	c2s	SET_TENSOR	313
16773.955603	c2s	SET_TENSOR	313
16773.955841	c2s	SET_TENSOR	817
16773.956097	c2s	SET_TENSOR	309
16773.956195	c2s	GRAPH_RECOMPUTE	4
16773.956347	c2s	GET_TENSOR	312
16773.968568	s2c	bytes	8200
16773.978109	c2s	SET_TENSOR	8497
16773.978289	c2s	SET_TENSOR	8497
16773.978505	c2s	SET_TENSOR	309
16773.978772	c2s	SET_TENSOR	313
16773.978888	c2s	SET_TENSOR	313
16773.978991	c2s	SET_TENSOR	817
16773.979104	c2s	SET_TENSOR	309
16773.979199	c2s	GRAPH_RECOMPUTE	4
16773.979297	c2s	GET_TENSOR	312
16773.991706	s2c	bytes	8
16773.991864	s2c	bytes	8192
16774.002447	c2s	SET_TENSOR	8497
16774.002527	c2s	SET_TENSOR	8497
16774.002537	c2s	SET_TENSOR	309
16774.002543	c2s	SET_TENSOR	313
16774.002748	c2s	SET_TENSOR	313
16774.002849	c2s	SET_TENSOR	817
16774.002945	c2s	SET_TENSOR	309
16774.003058	c2s	GRAPH_RECOMPUTE	4
16774.003149	c2s	GET_TENSOR	312
16774.015591	s2c	bytes	8
16774.015731	s2c	bytes	8192
16774.026303	c2s	SET_TENSOR	8497
16774.026381	c2s	SET_TENSOR	8497
16774.026390	c2s	SET_TENSOR	309
16774.026397	c2s	SET_TENSOR	313
16774.026559	c2s	SET_TENSOR	313
16774.026610	c2s	SET_TENSOR	817
16774.026664	c2s	SET_TENSOR	309
16774.026694	c2s	GRAPH_RECOMPUTE	4
16774.026726	c2s	GET_TENSOR	312
16774.038952	s2c	bytes	8
16774.039107	s2c	bytes	8192
16774.049985	c2s	SET_TENSOR	8497
16774.050091	c2s	SET_TENSOR	8497
16774.050103	c2s	SET_TENSOR	309
16774.050110	c2s	SET_TENSOR	313
16774.050272	c2s	SET_TENSOR	313
16774.050414	c2s	SET_TENSOR	817
16774.050554	c2s	SET_TENSOR	309
16774.050614	c2s	GRAPH_RECOMPUTE	4
16774.050653	c2s	GET_TENSOR	312
16774.062973	s2c	bytes	8
16774.063037	s2c	bytes	8192
16774.074526	c2s	SET_TENSOR	8497
16774.074635	c2s	SET_TENSOR	8497
16774.074653	c2s	SET_TENSOR	309
16774.074665	c2s	SET_TENSOR	313
16774.074674	c2s	SET_TENSOR	313
16774.074684	c2s	SET_TENSOR	817
16774.074716	c2s	SET_TENSOR	309
16774.074728	c2s	GRAPH_RECOMPUTE	4
16774.074907	c2s	GET_TENSOR	312
16774.087319	s2c	bytes	8200
16774.100325	c2s	SET_TENSOR	8497
16774.100423	c2s	SET_TENSOR	8497
16774.100455	c2s	SET_TENSOR	309
16774.100716	c2s	SET_TENSOR	313
16774.100815	c2s	SET_TENSOR	313
16774.100906	c2s	SET_TENSOR	817
16774.101041	c2s	SET_TENSOR	309
16774.101133	c2s	GRAPH_RECOMPUTE	4
16774.101219	c2s	GET_TENSOR	312
16774.113632	s2c	bytes	8200
16774.123297	c2s	SET_TENSOR	8497
16774.123546	c2s	SET_TENSOR	8497
16774.123628	c2s	SET_TENSOR	309
16774.123839	c2s	SET_TENSOR	313
16774.123924	c2s	SET_TENSOR	313
16774.124033	c2s	SET_TENSOR	817
16774.124174	c2s	SET_TENSOR	309
16774.124271	c2s	GRAPH_RECOMPUTE	4
16774.124373	c2s	GET_TENSOR	312
16774.137311	s2c	bytes	8
16774.137434	s2c	bytes	8192
16774.148831	c2s	SET_TENSOR	8497
16774.148923	c2s	SET_TENSOR	8497
16774.148935	c2s	SET_TENSOR	309
16774.149133	c2s	SET_TENSOR	313
16774.149256	c2s	SET_TENSOR	313
16774.149286	c2s	SET_TENSOR	817
16774.149309	c2s	SET_TENSOR	309
16774.149330	c2s	GRAPH_RECOMPUTE	4
16774.149358	c2s	GET_TENSOR	312
16774.162226	s2c	bytes	8
16774.162382	s2c	bytes	8192
16774.173820	c2s	SET_TENSOR	8497
16774.173909	c2s	SET_TENSOR	8497
16774.173921	c2s	SET_TENSOR	309
16774.173928	c2s	SET_TENSOR	313
16774.174096	c2s	SET_TENSOR	313
16774.174206	c2s	SET_TENSOR	817
16774.174301	c2s	SET_TENSOR	309
16774.174343	c2s	GRAPH_RECOMPUTE	4
16774.174490	c2s	GET_TENSOR	312
16774.186647	s2c	bytes	8
16774.186731	s2c	bytes	8192
16774.200300	c2s	SET_TENSOR	8497
16774.200403	c2s	SET_TENSOR	8497
16774.200417	c2s	SET_TENSOR	309
16774.200427	c2s	SET_TENSOR	313
16774.200636	c2s	SET_TENSOR	313
16774.200749	c2s	SET_TENSOR	817
16774.200852	c2s	SET_TENSOR	309
16774.200898	c2s	GRAPH_RECOMPUTE	4
16774.200912	c2s	GET_TENSOR	312
16774.213836	s2c	bytes	8200
16774.228138	c2s	SET_TENSOR	8497
16774.228239	c2s	SET_TENSOR	8497
16774.228356	c2s	SET_TENSOR	309
16774.228459	c2s	SET_TENSOR	313
16774.228660	c2s	SET_TENSOR	313
16774.228754	c2s	SET_TENSOR	817
16774.228807	c2s	SET_TENSOR	309
16774.228842	c2s	GRAPH_RECOMPUTE	4
16774.228968	c2s	GET_TENSOR	312
16774.243897	s2c	bytes	8
16774.244019	s2c	bytes	8192
16774.257446	c2s	SET_TENSOR	8497
16774.257565	c2s	SET_TENSOR	8497
16774.257585	c2s	SET_TENSOR	309
16774.257598	c2s	SET_TENSOR	313
16774.257789	c2s	SET_TENSOR	313
16774.257926	c2s	SET_TENSOR	817
16774.258059	c2s	SET_TENSOR	309
16774.258166	c2s	GRAPH_RECOMPUTE	4
16774.258236	c2s	GET_TENSOR	312
16774.270574	s2c	bytes	8200
16774.283923	c2s	SET_TENSOR	8497
16774.284070	c2s	SET_TENSOR	8497
16774.284137	c2s	SET_TENSOR	309
16774.284239	c2s	SET_TENSOR	313
16774.284311	c2s	SET_TENSOR	313
16774.284475	c2s	SET_TENSOR	817
16774.284600	c2s	SET_TENSOR	309
16774.284681	c2s	GRAPH_RECOMPUTE	4
16774.284792	c2s	GET_TENSOR	312
16774.297131	s2c	bytes	8
16774.297281	s2c	bytes	8192
16774.310478	c2s	SET_TENSOR	8497
16774.310601	c2s	SET_TENSOR	8497
16774.310811	c2s	SET_TENSOR	309
16774.310949	c2s	SET_TENSOR	313
16774.311088	c2s	SET_TENSOR	313
16774.311210	c2s	SET_TENSOR	817
16774.311334	c2s	SET_TENSOR	309
16774.311429	c2s	GRAPH_RECOMPUTE	4
16774.311489	c2s	GET_TENSOR	312
16774.323559	s2c	bytes	8200
16774.337397	c2s	SET_TENSOR	8497
16774.337466	c2s	SET_TENSOR	8497
16774.337585	c2s	SET_TENSOR	309
16774.337708	c2s	SET_TENSOR	313
16774.337838	c2s	SET_TENSOR	313
16774.337963	c2s	SET_TENSOR	817
16774.338087	c2s	SET_TENSOR	309
16774.338152	c2s	GRAPH_RECOMPUTE	4
16774.338233	c2s	GET_TENSOR	312
16774.350945	s2c	bytes	8200
16774.364504	c2s	SET_TENSOR	8497
16774.364628	c2s	SET_TENSOR	8497
16774.364649	c2s	SET_TENSOR	309
16774.364896	c2s	SET_TENSOR	313
16774.365041	c2s	SET_TENSOR	313
16774.365198	c2s	SET_TENSOR	817
16774.365261	c2s	SET_TENSOR	309
16774.365454	c2s	GRAPH_RECOMPUTE	4
16774.365488	c2s	GET_TENSOR	312
16774.377767	s2c	bytes	8
16774.377908	s2c	bytes	8192
16774.391221	c2s	SET_TENSOR	8497
16774.391350	c2s	SET_TENSOR	8497
16774.391372	c2s	SET_TENSOR	309
16774.391387	c2s	SET_TENSOR	313
16774.391698	c2s	SET_TENSOR	313
16774.391800	c2s	SET_TENSOR	817
16774.391888	c2s	SET_TENSOR	309
16774.391974	c2s	GRAPH_RECOMPUTE	4
16774.392082	c2s	GET_TENSOR	312
16774.404614	s2c	bytes	8200
16774.413921	c2s	SET_TENSOR	8497
16774.414313	c2s	SET_TENSOR	8497
16774.414492	c2s	SET_TENSOR	309
16774.414753	c2s	SET_TENSOR	313
16774.415072	c2s	SET_TENSOR	313
16774.415106	c2s	SET_TENSOR	817
16774.415331	c2s	SET_TENSOR	309
16774.415593	c2s	GRAPH_RECOMPUTE	4
16774.415625	c2s	GET_TENSOR	312
16774.428036	s2c	bytes	8200
16774.442111	c2s	SET_TENSOR	8497
16774.442267	c2s	SET_TENSOR	8497
16774.442304	c2s	SET_TENSOR	309
16774.442328	c2s	SET_TENSOR	313
16774.442352	c2s	SET_TENSOR	313
16774.442449	c2s	SET_TENSOR	817
16774.442464	c2s	SET_TENSOR	309
16774.442474	c2s	GRAPH_RECOMPUTE	4
16774.442485	c2s	GET_TENSOR	312
16774.454873	s2c	bytes	8200
16774.467569	c2s	SET_TENSOR	8497
16774.467684	c2s	SET_TENSOR	8497
16774.467699	c2s	SET_TENSOR	309
16774.467713	c2s	SET_TENSOR	313
16774.467722	c2s	SET_TENSOR	313
16774.467731	c2s	SET_TENSOR	817
16774.467744	c2s	SET_TENSOR	309
16774.467754	c2s	GRAPH_RECOMPUTE	4
16774.467764	c2s	GET_TENSOR	312
16774.480442	s2c	bytes	8
16774.480544	s2c	bytes	8192
16774.494954	c2s	SET_TENSOR	8497
16774.495072	c2s	SET_TENSOR	8497
16774.495087	c2s	SET_TENSOR	309
16774.495299	c2s	SET_TENSOR	313
16774.495427	c2s	SET_TENSOR	313
16774.495541	c2s	SET_TENSOR	817
16774.495600	c2s	SET_TENSOR	309
16774.495790	c2s	GRAPH_RECOMPUTE	4
16774.495849	c2s	GET_TENSOR	312
16774.513565	s2c	bytes	8200
16774.528419	c2s	SET_TENSOR	8497
16774.528550	c2s	SET_TENSOR	8497
16774.528571	c2s	SET_TENSOR	309
16774.528584	c2s	SET_TENSOR	313
16774.528597	c2s	SET_TENSOR	313
16774.528672	c2s	SET_TENSOR	817
16774.528703	c2s	SET_TENSOR	309
16774.528725	c2s	GRAPH_RECOMPUTE	4
16774.528814	c2s	GET_TENSOR	312
16774.541369	s2c	bytes	8200
16774.554833	c2s	SET_TENSOR	8497
16774.555042	c2s	SET_TENSOR	8497
16774.555079	c2s	SET_TENSOR	309
16774.555102	c2s	SET_TENSOR	313
16774.555123	c2s	SET_TENSOR	313
16774.555143	c2s	SET_TENSOR	817
16774.555165	c2s	SET_TENSOR	309
16774.555186	c2s	GRAPH_RECOMPUTE	4
16774.555208	c2s	GET_TENSOR	312
16774.567550	s2c	bytes	8200
16774.580826	c2s	SET_TENSOR	8497
16774.580939	c2s	SET_TENSOR	8497
16774.580959	c2s	SET_TENSOR	309
16774.581222	c2s	SET_TENSOR	313
16774.581255	c2s	SET_TENSOR	313
16774.581305	c2s	SET_TENSOR	817
16774.581515	c2s	SET_TENSOR	309
16774.581603	c2s	GRAPH_RECOMPUTE	4
16774.581691	c2s	GET_TENSOR	312
16774.594129	s2c	bytes	8
16774.594265	s2c	bytes	8192
16774.607704	c2s	SET_TENSOR	8497
16774.607859	c2s	SET_TENSOR	8497
16774.607895	c2s	SET_TENSOR	309
16774.607919	c2s	SET_TENSOR	313
16774.607943	c2s	SET_TENSOR	313
16774.608071	c2s	SET_TENSOR	817
16774.608105	c2s	SET_TENSOR	309
16774.608127	c2s	GRAPH_RECOMPUTE	4
16774.608149	c2s	GET_TENSOR	312
16774.620830	s2c	bytes	8200
16774.634417	c2s	SET_TENSOR	8497
16774.634565	c2s	SET_TENSOR	8497
16774.634587	c2s	SET_TENSOR	309
16774.634603	c2s	SET_TENSOR	313
16774.634620	c2s	SET_TENSOR	313
16774.634633	c2s	SET_TENSOR	817
16774.634647	c2s	SET_TENSOR	309
16774.634660	c2s	GRAPH_RECOMPUTE	4
16774.634675	c2s	GET_TENSOR	312
16774.646698	s2c	bytes	8
16774.646870	s2c	bytes	8192
16774.660980	c2s	SET_TENSOR	8497
16774.661221	c2s	SET_TENSOR	8497
16774.661365	c2s	SET_TENSOR	309
16774.661561	c2s	SET_TENSOR	313
16774.661808	c2s	SET_TENSOR	313
16774.661911	c2s	SET_TENSOR	817
16774.662018	c2s	SET_TENSOR	309
16774.662114	c2s	GRAPH_RECOMPUTE	4
16774.662208	c2s	GET_TENSOR	312
16774.674829	s2c	bytes	8200
16774.684194	c2s	SET_TENSOR	8497
16774.684339	c2s	SET_TENSOR	8497
16774.684544	c2s	SET_TENSOR	309
16774.684589	c2s	SET_TENSOR	313
16774.684743	c2s	SET_TENSOR	313
16774.684868	c2s	SET_TENSOR	817
16774.685023	c2s	SET_TENSOR	309
16774.685139	c2s	GRAPH_RECOMPUTE	4
16774.685245	c2s	GET_TENSOR	312
16774.698941	s2c	bytes	8200
16774.708273	c2s	SET_TENSOR	8497
16774.708615	c2s	SET_TENSOR	8497
16774.708807	c2s	SET_TENSOR	309
16774.708998	c2s	SET_TENSOR	313
16774.709183	c2s	SET_TENSOR	313
16774.709493	c2s	SET_TENSOR	817
16774.709776	c2s	SET_TENSOR	309
16774.709884	c2s	GRAPH_RECOMPUTE	4
16774.709916	c2s	GET_TENSOR	312
16774.721928	s2c	bytes	8200
16774.731232	c2s	SET_TENSOR	8497
16774.731570	c2s	SET_TENSOR	8497
16774.731660	c2s	SET_TENSOR	309
16774.732034	c2s	SET_TENSOR	313
16774.732277	c2s	SET_TENSOR	313
16774.732539	c2s	SET_TENSOR	817
16774.732792	c2s	SET_TENSOR	309
16774.732899	c2s	GRAPH_RECOMPUTE	4
16774.732994	c2s	GET_TENSOR	312
16774.745642	s2c	bytes	8200
16774.748946	c2s	GET_DEVICE_MEMORY	4
16774.749502	s2c	bytes	24
16774.749790	c2s	FREE_BUFFER	8
16774.753734	c2s	FREE_BUFFER	8
16774.764625	c2s	FREE_BUFFER	8
