15935.665215	conn	open	0
15935.665417	c2s	HELLO	24
15935.670559	s2c	bytes	36
15935.670714	c2s	DEVICE_COUNT	0
15935.671487	s2c	bytes	12
15935.673468	conn	open	0
15935.673699	c2s	HELLO	24
15935.676565	s2c	bytes	36
15935.676678	c2s	GET_ALIGNMENT	4
15935.677404	s2c	bytes	16
15935.677466	c2s	GET_MAX_SIZE	4
15935.678154	s2c	bytes	16
15935.744705	conn	open	0
15935.745395	c2s	HELLO	24
15935.749599	s2c	bytes	36
15935.749695	c2s	GET_DEVICE_MEMORY	4
15935.750914	s2c	bytes	24
15935.850719	conn	open	0
15935.850904	c2s	HELLO	24
15935.857181	s2c	bytes	36
15935.857331	c2s	GET_DEVICE_MEMORY	4
15935.858152	s2c	bytes	24
15935.858320	conn	open	0
15935.858488	c2s	HELLO	24
15935.861105	s2c	bytes	36
15935.861188	c2s	GET_DEVICE_MEMORY	4
15935.861824	s2c	bytes	24
15935.863679	conn	open	0
15935.863822	c2s	HELLO	24
15935.866669	s2c	bytes	36
15935.866727	c2s	GET_DEVICE_MEMORY	4
15935.867457	s2c	bytes	24
15935.868573	conn	open	0
15935.868726	c2s	HELLO	24
15935.871375	s2c	bytes	36
15935.873070	c2s	GET_ALLOC_SIZE	3260
15935.873965	s2c	bytes	16
15935.874084	c2s	GET_ALLOC_SIZE	3260
15935.874795	s2c	bytes	16
15935.874901	c2s	GET_ALLOC_SIZE	3260
15935.875553	s2c	bytes	16
15935.875646	c2s	GET_ALLOC_SIZE	3260
15935.876291	s2c	bytes	16
15935.877257	c2s	GET_DEVICE_MEMORY	4
15935.877956	s2c	bytes	24
15935.878052	c2s	GET_DEVICE_MEMORY	4
15935.878747	s2c	bytes	24
15935.931278	conn	open	0
15935.931486	c2s	HELLO	24
15935.934128	s2c	bytes	36
15935.934213	c2s	GET_DEVICE_MEMORY	4
15935.934892	s2c	bytes	24
15936.028115	conn	open	0
15936.028364	c2s	HELLO	24
15936.033768	s2c	bytes	36
15936.033828	c2s	GET_DEVICE_MEMORY	4
15936.034675	s2c	bytes	24
15936.034807	conn	open	0
15936.034951	c2s	HELLO	24
15936.040300	s2c	bytes	36
15936.040365	c2s	GET_DEVICE_MEMORY	4
15936.042454	s2c	bytes	24
15936.042583	conn	open	0
15936.042689	c2s	HELLO	24
15936.046408	s2c	bytes	36
15936.046468	c2s	GET_DEVICE_MEMORY	4
15936.047430	s2c	bytes	24
15936.061810	conn	open	0
15936.061951	c2s	HELLO	24
15936.067645	s2c	bytes	36
15936.067693	c2s	GET_DEVICE_MEMORY	4
15936.068793	s2c	bytes	24
15936.069062	conn	open	0
15936.069237	c2s	HELLO	24
15936.074971	s2c	bytes	36
15936.075054	c2s	ALLOC_BUFFER	12
15936.075884	s2c	bytes	24
15936.075983	c2s	BUFFER_GET_BASE	8
15936.076686	s2c	bytes	16
15936.275391	c2s	SET_TENSOR	8497
15936.275479	c2s	SET_TENSOR	8497
15936.278250	c2s	SET_TENSOR	2359601
15936.280788	c2s	SET_TENSOR	1179953
15936.281977	c2s	SET_TENSOR	1179953
15936.298708	c2s	SET_TENSOR	2359601
15936.298834	c2s	SET_TENSOR	817
15936.298854	c2s	SET_TENSOR	817
15936.298869	c2s	SET_TENSOR	8497
15936.337255	c2s	SET_TENSOR	7078193
15936.377962	c2s	SET_TENSOR	7078193
15936.407236	c2s	SET_TENSOR	7078193
15936.407307	c2s	SET_TENSOR	8497
15936.422650	c2s	SET_TENSOR	2359601
15936.425046	c2s	SET_TENSOR	1179953
15936.430545	c2s	SET_TENSOR	1179953
15936.439161	c2s	SET_TENSOR	2359601
15936.439222	c2s	SET_TENSOR	817
15936.439232	c2s	SET_TENSOR	817
15936.439240	c2s	SET_TENSOR	8497
15936.469440	c2s	SET_TENSOR	7078193
15936.499147	c2s	SET_TENSOR	7078193
15936.533913	c2s	SET_TENSOR	7078193
15936.534058	c2s	SET_TENSOR	8497
15936.541367	c2s	SET_TENSOR	2359601
15936.548048	c2s	SET_TENSOR	1179953
15936.555419	c2s	SET_TENSOR	1720625
15936.564492	c2s	SET_TENSOR	2359601
15936.564578	c2s	SET_TENSOR	817
15936.564587	c2s	SET_TENSOR	817
15936.564594	c2s	SET_TENSOR	8497
15936.593251	c2s	SET_TENSOR	7078193
15936.635266	c2s	SET_TENSOR	10322225
15936.662431	c2s	SET_TENSOR	7078193
15936.662636	c2s	SET_TENSOR	8497
15936.667693	c2s	SET_TENSOR	2359601
15936.674952	c2s	SET_TENSOR	1179953
15936.679776	c2s	SET_TENSOR	1179953
15936.686509	c2s	SET_TENSOR	2359601
15936.686615	c2s	SET_TENSOR	817
15936.686648	c2s	SET_TENSOR	817
15936.686659	c2s	SET_TENSOR	8497
15936.714834	c2s	SET_TENSOR	7078193
15936.740914	c2s	SET_TENSOR	7078193
15936.771399	c2s	SET_TENSOR	7078193
15936.771454	c2s	SET_TENSOR	8497
15936.778770	c2s	SET_TENSOR	2359601
15936.784961	c2s	SET_TENSOR	1179953
15936.786229	c2s	SET_TENSOR	1179953
15936.794117	c2s	SET_TENSOR	2359601
15936.794192	c2s	SET_TENSOR	817
15936.794202	c2s	SET_TENSOR	817
15936.794209	c2s	SET_TENSOR	8497
15936.823150	c2s	SET_TENSOR	7078193
15936.849189	c2s	SET_TENSOR	7078193
15936.874660	c2s	SET_TENSOR	7078193
15936.874724	c2s	SET_TENSOR	8497
15936.888842	c2s	SET_TENSOR	2359601
15936.890534	c2s	SET_TENSOR	1179953
15936.897629	c2s	SET_TENSOR	1720625
15936.910566	c2s	SET_TENSOR	2359601
15936.910939	c2s	SET_TENSOR	817
15936.910971	c2s	SET_TENSOR	817
15936.910981	c2s	SET_TENSOR	8497
15936.936257	c2s	SET_TENSOR	7078193
15936.976802	c2s	SET_TENSOR	10322225
15937.008174	c2s	SET_TENSOR	7078193
15937.008263	c2s	SET_TENSOR	8497
15937.014564	c2s	SET_TENSOR	2359601
15937.021212	c2s	SET_TENSOR	1179953
15937.027556	c2s	SET_TENSOR	1179953
15937.037701	c2s	SET_TENSOR	2359601
15937.037789	c2s	SET_TENSOR	817
15937.037797	c2s	SET_TENSOR	817
15937.037803	c2s	SET_TENSOR	8497
15937.061334	c2s	SET_TENSOR	7078193
15937.098954	c2s	SET_TENSOR	7078193
15937.126281	c2s	SET_TENSOR	7078193
15937.126362	c2s	SET_TENSOR	8497
15937.132622	c2s	SET_TENSOR	2359601
15937.138362	c2s	SET_TENSOR	1179953
15937.143267	c2s	SET_TENSOR	1179953
15937.154902	c2s	SET_TENSOR	2359601
15937.155039	c2s	SET_TENSOR	817
15937.155062	c2s	SET_TENSOR	817
15937.155077	c2s	SET_TENSOR	8497
15937.179492	c2s	SET_TENSOR	7078193
15937.207624	c2s	SET_TENSOR	7078193
15937.233617	c2s	SET_TENSOR	7078193
15937.233699	c2s	SET_TENSOR	8497
15937.245100	c2s	SET_TENSOR	2359601
15937.250526	c2s	SET_TENSOR	1179953
15937.257736	c2s	SET_TENSOR	1720625
15937.264139	c2s	SET_TENSOR	2359601
15937.264203	c2s	SET_TENSOR	817
15937.264211	c2s	SET_TENSOR	817
15937.264218	c2s	SET_TENSOR	8497
15937.295446	c2s	SET_TENSOR	7078193
15937.339710	c2s	SET_TENSOR	10322225
15937.367242	c2s	SET_TENSOR	7078193
15937.367379	c2s	SET_TENSOR	8497
15937.375315	c2s	SET_TENSOR	2359601
15937.380432	c2s	SET_TENSOR	1179953
15937.388181	c2s	SET_TENSOR	1720625
15937.395381	c2s	SET_TENSOR	2359601
15937.395465	c2s	SET_TENSOR	817
15937.395473	c2s	SET_TENSOR	817
15937.395480	c2s	SET_TENSOR	8497
15937.427174	c2s	SET_TENSOR	7078193
15937.464997	c2s	SET_TENSOR	10322225
15937.494823	c2s	SET_TENSOR	7078193
15937.494927	c2s	SET_TENSOR	8497
15937.500888	c2s	SET_TENSOR	2359601
15937.507971	c2s	SET_TENSOR	1179953
15937.515408	c2s	SET_TENSOR	1720625
15937.523171	c2s	SET_TENSOR	2359601
15937.523208	c2s	SET_TENSOR	817
15937.523216	c2s	SET_TENSOR	817
15937.523222	c2s	SET_TENSOR	8497
15937.554202	c2s	SET_TENSOR	7078193
15937.592712	c2s	SET_TENSOR	10322225
15937.623050	c2s	SET_TENSOR	7078193
15937.623134	c2s	SET_TENSOR	8497
15937.629478	c2s	SET_TENSOR	2359601
15937.635322	c2s	SET_TENSOR	1179953
15937.646621	c2s	SET_TENSOR	1720625
15937.654261	c2s	SET_TENSOR	2359601
15937.654333	c2s	SET_TENSOR	817
15937.654342	c2s	SET_TENSOR	817
15937.654348	c2s	SET_TENSOR	8497
15937.680928	c2s	SET_TENSOR	7078193
15937.722155	c2s	SET_TENSOR	10322225
15937.747919	c2s	SET_TENSOR	7078193
15937.747964	c2s	SET_TENSOR	8497
15937.760750	c2s	SET_TENSOR	2359601
15937.767501	c2s	SET_TENSOR	1179953
15937.772634	c2s	SET_TENSOR	1720625
15937.784338	c2s	SET_TENSOR	2359601
15937.784420	c2s	SET_TENSOR	817
15937.784428	c2s	SET_TENSOR	817
15937.784434	c2s	SET_TENSOR	8497
15937.808863	c2s	SET_TENSOR	7078193
15937.850594	c2s	SET_TENSOR	10322225
15937.879793	c2s	SET_TENSOR	7078193
15937.905462	c2s	ALLOC_BUFFER	12
15937.905950	s2c	bytes	24
15937.906037	c2s	BUFFER_GET_BASE	8
15937.906426	s2c	bytes	16
15937.906524	c2s	BUFFER_CLEAR	9
15937.910293	c2s	ALLOC_BUFFER	12
15937.922854	s2c	bytes	24
15937.924268	c2s	GET_ALLOC_SIZE	3260
15937.924548	s2c	bytes	16
15937.924644	c2s	GET_ALLOC_SIZE	3260
15937.924931	s2c	bytes	8
15937.924990	s2c	bytes	8
15937.925071	c2s	GET_ALLOC_SIZE	3260
15937.925336	s2c	bytes	16
15937.925429	c2s	GET_ALLOC_SIZE	3260
15937.925704	s2c	bytes	8
15937.925767	s2c	bytes	8
15937.928739	c2s	GET_ALLOC_SIZE	3260
15937.929116	s2c	bytes	8
15937.929152	s2c	bytes	8
15937.929257	c2s	GET_ALLOC_SIZE	3260
15937.929538	s2c	bytes	8
15937.929641	s2c	bytes	8
15937.929680	c2s	GET_ALLOC_SIZE	3260
15937.929958	s2c	bytes	16
15937.930053	c2s	GET_ALLOC_SIZE	3260
15937.930321	s2c	bytes	8
15937.930393	s2c	bytes	8
15937.930626	c2s	BUFFER_GET_BASE	8
15937.930959	s2c	bytes	16
15937.943107	c2s	SET_TENSOR	16689
15937.943153	c2s	SET_TENSOR	16689
15937.943159	c2s	SET_TENSOR	313
15937.943209	c2s	SET_TENSOR	321
15937.943222	c2s	SET_TENSOR	321
15937.943253	c2s	SET_TENSOR	1329
15937.943286	c2s	SET_TENSOR	309
15937.943745	c2s	GRAPH_COMPUTE	192244
15937.943749	c2s	GET_TENSOR	312
15937.967331	s2c	bytes	8200
15937.974819	c2s	BUFFER_CLEAR	9
15937.980232	c2s	GET_ALLOC_SIZE	3260
15937.980959	s2c	bytes	16
15937.981136	c2s	GET_ALLOC_SIZE	3260
15937.981431	s2c	bytes	16
15937.981671	c2s	GET_ALLOC_SIZE	3260
15937.982040	s2c	bytes	16
15937.982206	c2s	GET_ALLOC_SIZE	3260
15937.982462	s2c	bytes	16
15938.011906	c2s	SET_TENSOR	41265
15938.012404	c2s	SET_TENSOR	41265
15938.012550	c2s	SET_TENSOR	325
15938.012704	c2s	SET_TENSOR	345
15938.012826	c2s	SET_TENSOR	345
15938.012860	c2s	SET_TENSOR	2865
15938.013142	c2s	SET_TENSOR	309
15938.013838	c2s	GRAPH_COMPUTE	192244
15938.014295	c2s	GET_TENSOR	312
15938.054646	s2c	bytes	8200
15938.089174	c2s	SET_TENSOR	8497
15938.089226	c2s	SET_TENSOR	8497
15938.089253	c2s	SET_TENSOR	309
15938.089262	c2s	SET_TENSOR	313
15938.089346	c2s	SET_TENSOR	313
15938.089658	c2s	SET_TENSOR	817
15938.089710	c2s	SET_TENSOR	309
15938.090163	c2s	GRAPH_COMPUTE	192244
15938.090319	c2s	GET_TENSOR	312
15938.102469	s2c	bytes	8200
15938.118171	c2s	SET_TENSOR	8497
15938.118251	c2s	SET_TENSOR	8497
15938.118493	c2s	SET_TENSOR	309
15938.118550	c2s	SET_TENSOR	313
15938.118621	c2s	SET_TENSOR	313
15938.118682	c2s	SET_TENSOR	817
15938.118830	c2s	SET_TENSOR	309
15938.119089	c2s	GRAPH_RECOMPUTE	4
15938.119136	c2s	GET_TENSOR	312
15938.131995	s2c	bytes	8200
15938.150632	c2s	SET_TENSOR	8497
15938.150711	c2s	SET_TENSOR	8497
15938.151042	c2s	SET_TENSOR	309
15938.151196	c2s	SET_TENSOR	313
15938.151326	c2s	SET_TENSOR	313
15938.151476	c2s	SET_TENSOR	817
15938.151614	c2s	SET_TENSOR	309
15938.151656	c2s	GRAPH_RECOMPUTE	4
15938.151803	c2s	GET_TENSOR	312
15938.162501	s2c	bytes	8200
15938.179277	c2s	SET_TENSOR	8497
15938.179356	c2s	SET_TENSOR	8497
15938.179760	c2s	SET_TENSOR	309
15938.179802	c2s	SET_TENSOR	313
15938.180035	c2s	SET_TENSOR	313
15938.180214	c2s	SET_TENSOR	817
15938.180301	c2s	SET_TENSOR	309
15938.180473	c2s	GRAPH_RECOMPUTE	4
15938.180530	c2s	GET_TENSOR	312
15938.191150	s2c	bytes	8200
15938.208162	c2s	SET_TENSOR	8497
15938.208233	c2s	SET_TENSOR	8497
15938.208449	c2s	SET_TENSOR	309
15938.208522	c2s	SET_TENSOR	313
15938.209166	c2s	SET_TENSOR	313
15938.209185	c2s	SET_TENSOR	817
15938.209224	c2s	SET_TENSOR	309
15938.209236	c2s	GRAPH_RECOMPUTE	4
15938.209245	c2s	GET_TENSOR	312
15938.224796	s2c	bytes	8200
15938.243364	c2s	SET_TENSOR	8497
15938.243458	c2s	SET_TENSOR	8497
15938.243471	c2s	SET_TENSOR	309
15938.244142	c2s	SET_TENSOR	313
15938.244157	c2s	SET_TENSOR	313
15938.244197	c2s	SET_TENSOR	817
15938.244209	c2s	SET_TENSOR	309
15938.244217	c2s	GRAPH_RECOMPUTE	4
15938.244227	c2s	GET_TENSOR	312
15938.255709	s2c	bytes	8200
15938.279347	c2s	SET_TENSOR	8497
15938.279858	c2s	SET_TENSOR	8497
15938.279996	c2s	SET_TENSOR	309
15938.280021	c2s	SET_TENSOR	313
15938.280054	c2s	SET_TENSOR	313
15938.280340	c2s	SET_TENSOR	817
15938.280354	c2s	SET_TENSOR	309
15938.280686	c2s	GRAPH_RECOMPUTE	4
15938.280828	c2s	GET_TENSOR	312
15938.291604	s2c	bytes	8200
15938.309969	c2s	SET_TENSOR	8497
15938.310047	c2s	SET_TENSOR	8497
15938.310370	c2s	SET_TENSOR	309
15938.310847	c2s	SET_TENSOR	313
15938.310960	c2s	SET_TENSOR	313
15938.310976	c2s	SET_TENSOR	817
15938.310987	c2s	SET_TENSOR	309
15938.311238	c2s	GRAPH_RECOMPUTE	4
15938.311285	c2s	GET_TENSOR	312
15938.323013	s2c	bytes	8200
15938.341977	c2s	SET_TENSOR	8497
15938.342160	c2s	SET_TENSOR	8497
15938.342255	c2s	SET_TENSOR	309
15938.342417	c2s	SET_TENSOR	313
15938.342556	c2s	SET_TENSOR	313
15938.342692	c2s	SET_TENSOR	817
15938.342865	c2s	SET_TENSOR	309
15938.342990	c2s	GRAPH_RECOMPUTE	4
15938.343179	c2s	GET_TENSOR	312
15938.354305	s2c	bytes	8200
15938.377687	c2s	SET_TENSOR	8497
15938.377990	c2s	SET_TENSOR	8497
15938.378139	c2s	SET_TENSOR	309
15938.378269	c2s	SET_TENSOR	313
15938.378358	c2s	SET_TENSOR	313
15938.378446	c2s	SET_TENSOR	817
15938.378532	c2s	SET_TENSOR	309
15938.378732	c2s	GRAPH_RECOMPUTE	4
15938.378766	c2s	GET_TENSOR	312
15938.389846	s2c	bytes	8200
15938.409638	c2s	SET_TENSOR	8497
15938.409942	c2s	SET_TENSOR	8497
15938.410154	c2s	SET_TENSOR	309
15938.410345	c2s	SET_TENSOR	313
15938.410385	c2s	SET_TENSOR	313
15938.410547	c2s	SET_TENSOR	817
15938.410708	c2s	SET_TENSOR	309
15938.410755	c2s	GRAPH_RECOMPUTE	4
15938.410903	c2s	GET_TENSOR	312
15938.427588	s2c	bytes	8200
15938.445735	c2s	SET_TENSOR	8497
15938.446167	c2s	SET_TENSOR	8497
15938.446180	c2s	SET_TENSOR	309
15938.446313	c2s	SET_TENSOR	313
15938.446581	c2s	SET_TENSOR	313
15938.446684	c2s	SET_TENSOR	817
15938.446867	c2s	SET_TENSOR	309
15938.447022	c2s	GRAPH_RECOMPUTE	4
15938.447089	c2s	GET_TENSOR	312
15938.459740	s2c	bytes	8200
15938.482295	c2s	SET_TENSOR	8497
15938.482381	c2s	SET_TENSOR	8497
15938.482393	c2s	SET_TENSOR	309
15938.482778	c2s	SET_TENSOR	313
15938.482945	c2s	SET_TENSOR	313
15938.482957	c2s	SET_TENSOR	817
15938.482965	c2s	SET_TENSOR	309
15938.482995	c2s	GRAPH_RECOMPUTE	4
15938.483015	c2s	GET_TENSOR	312
15938.493735	s2c	bytes	8200
15938.511474	c2s	SET_TENSOR	8497
15938.511558	c2s	SET_TENSOR	8497
15938.511570	c2s	SET_TENSOR	309
15938.511950	c2s	SET_TENSOR	313
15938.512092	c2s	SET_TENSOR	313
15938.512104	c2s	SET_TENSOR	817
15938.512112	c2s	SET_TENSOR	309
15938.512278	c2s	GRAPH_RECOMPUTE	4
15938.512315	c2s	GET_TENSOR	312
15938.531126	s2c	bytes	8200
15938.555584	c2s	SET_TENSOR	8497
15938.555977	c2s	SET_TENSOR	8497
15938.555991	c2s	SET_TENSOR	309
15938.556000	c2s	SET_TENSOR	313
15938.556018	c2s	SET_TENSOR	313
15938.556026	c2s	SET_TENSOR	817
15938.556066	c2s	SET_TENSOR	309
15938.556077	c2s	GRAPH_RECOMPUTE	4
15938.556086	c2s	GET_TENSOR	312
15938.567546	s2c	bytes	8200
15938.593507	c2s	SET_TENSOR	8497
15938.593874	c2s	SET_TENSOR	8497
15938.594057	c2s	SET_TENSOR	309
15938.594130	c2s	SET_TENSOR	313
15938.594291	c2s	SET_TENSOR	313
15938.594470	c2s	SET_TENSOR	817
15938.594619	c2s	SET_TENSOR	309
15938.594729	c2s	GRAPH_RECOMPUTE	4
15938.594742	c2s	GET_TENSOR	312
15938.605912	s2c	bytes	8200
15938.621041	c2s	SET_TENSOR	8497
15938.621209	c2s	SET_TENSOR	8497
15938.621303	c2s	SET_TENSOR	309
15938.621403	c2s	SET_TENSOR	313
15938.621518	c2s	SET_TENSOR	313
15938.621626	c2s	SET_TENSOR	817
15938.621728	c2s	SET_TENSOR	309
15938.621823	c2s	GRAPH_RECOMPUTE	4
15938.621885	c2s	GET_TENSOR	312
15938.634778	s2c	bytes	8200
15938.650569	c2s	SET_TENSOR	8497
15938.650743	c2s	SET_TENSOR	8497
15938.650844	c2s	SET_TENSOR	309
15938.650942	c2s	SET_TENSOR	313
15938.651076	c2s	SET_TENSOR	313
15938.651175	c2s	SET_TENSOR	817
15938.651269	c2s	SET_TENSOR	309
15938.651345	c2s	GRAPH_RECOMPUTE	4
15938.651431	c2s	GET_TENSOR	312
15938.662404	s2c	bytes	8200
15938.680236	c2s	SET_TENSOR	8497
15938.680321	c2s	SET_TENSOR	8497
15938.680424	c2s	SET_TENSOR	309
15938.680532	c2s	SET_TENSOR	313
15938.680623	c2s	SET_TENSOR	313
15938.680719	c2s	SET_TENSOR	817
15938.680815	c2s	SET_TENSOR	309
15938.680920	c2s	GRAPH_RECOMPUTE	4
15938.680978	c2s	GET_TENSOR	312
15938.693984	s2c	bytes	8200
15938.714854	c2s	SET_TENSOR	8497
15938.715063	c2s	SET_TENSOR	8497
15938.715224	c2s	SET_TENSOR	309
15938.715395	c2s	SET_TENSOR	313
15938.715503	c2s	SET_TENSOR	313
15938.715593	c2s	SET_TENSOR	817
15938.715700	c2s	SET_TENSOR	309
15938.715791	c2s	GRAPH_RECOMPUTE	4
15938.715902	c2s	GET_TENSOR	312
15938.726795	s2c	bytes	8200
15938.744089	c2s	SET_TENSOR	8497
15938.744383	c2s	SET_TENSOR	8497
15938.744662	c2s	SET_TENSOR	309
15938.744846	c2s	SET_TENSOR	313
15938.745022	c2s	SET_TENSOR	313
15938.745240	c2s	SET_TENSOR	817
15938.745381	c2s	SET_TENSOR	309
15938.745541	c2s	GRAPH_RECOMPUTE	4
15938.745556	c2s	GET_TENSOR	312
15938.756853	s2c	bytes	8200
15938.781497	c2s	SET_TENSOR	8497
15938.781964	c2s	SET_TENSOR	8497
15938.782174	c2s	SET_TENSOR	309
15938.782517	c2s	SET_TENSOR	313
15938.782531	c2s	SET_TENSOR	313
15938.782641	c2s	SET_TENSOR	817
15938.782673	c2s	SET_TENSOR	309
15938.782918	c2s	GRAPH_RECOMPUTE	4
15938.782941	c2s	GET_TENSOR	312
15938.794128	s2c	bytes	8200
15938.810392	c2s	SET_TENSOR	8497
15938.810808	c2s	SET_TENSOR	8497
15938.811199	c2s	SET_TENSOR	309
15938.811214	c2s	SET_TENSOR	313
15938.811245	c2s	SET_TENSOR	313
15938.811503	c2s	SET_TENSOR	817
15938.811518	c2s	SET_TENSOR	309
15938.811549	c2s	GRAPH_RECOMPUTE	4
15938.811897	c2s	GET_TENSOR	312
15938.825826	s2c	bytes	8200
15938.841845	c2s	SET_TENSOR	8497
15938.842331	c2s	SET_TENSOR	8497
15938.842686	c2s	SET_TENSOR	309
15938.842721	c2s	SET_TENSOR	313
15938.843021	c2s	SET_TENSOR	313
15938.843059	c2s	SET_TENSOR	817
15938.843071	c2s	SET_TENSOR	309
15938.843157	c2s	GRAPH_RECOMPUTE	4
15938.843190	c2s	GET_TENSOR	312
15938.862607	s2c	bytes	8200
15938.885824	c2s	SET_TENSOR	8497
15938.885883	c2s	SET_TENSOR	8497
15938.885922	c2s	SET_TENSOR	309
15938.885949	c2s	SET_TENSOR	313
15938.885980	c2s	SET_TENSOR	313
15938.886438	c2s	SET_TENSOR	817
15938.886454	c2s	SET_TENSOR	309
15938.886464	c2s	GRAPH_RECOMPUTE	4
15938.886473	c2s	GET_TENSOR	312
15938.897205	s2c	bytes	8200
15938.915376	c2s	SET_TENSOR	8497
15938.915526	c2s	SET_TENSOR	8497
15938.915888	c2s	SET_TENSOR	309
15938.915902	c2s	SET_TENSOR	313
15938.915912	c2s	SET_TENSOR	313
15938.916150	c2s	SET_TENSOR	817
15938.916164	c2s	SET_TENSOR	309
15938.916378	c2s	GRAPH_RECOMPUTE	4
15938.916392	c2s	GET_TENSOR	312
15938.931461	s2c	bytes	8200
15938.950186	c2s	SET_TENSOR	8497
15938.950340	c2s	SET_TENSOR	8497
15938.950702	c2s	SET_TENSOR	309
15938.950715	c2s	SET_TENSOR	313
15938.950725	c2s	SET_TENSOR	313
15938.950966	c2s	SET_TENSOR	817
15938.950983	c2s	SET_TENSOR	309
15938.951182	c2s	GRAPH_RECOMPUTE	4
15938.951350	c2s	GET_TENSOR	312
15938.961754	s2c	bytes	8200
15938.981082	c2s	SET_TENSOR	8497
15938.981430	c2s	SET_TENSOR	8497
15938.981564	c2s	SET_TENSOR	309
15938.981730	c2s	SET_TENSOR	313
15938.981872	c2s	SET_TENSOR	313
15938.982030	c2s	SET_TENSOR	817
15938.982164	c2s	SET_TENSOR	309
15938.982306	c2s	GRAPH_RECOMPUTE	4
15938.982415	c2s	GET_TENSOR	312
15938.993140	s2c	bytes	8200
15939.010042	c2s	SET_TENSOR	8497
15939.010277	c2s	SET_TENSOR	8497
15939.010290	c2s	SET_TENSOR	309
15939.010431	c2s	SET_TENSOR	313
15939.010442	c2s	SET_TENSOR	313
15939.010530	c2s	SET_TENSOR	817
15939.010618	c2s	SET_TENSOR	309
15939.010690	c2s	GRAPH_RECOMPUTE	4
15939.010753	c2s	GET_TENSOR	312
15939.021983	s2c	bytes	8200
15939.038410	c2s	SET_TENSOR	8497
15939.038867	c2s	SET_TENSOR	8497
15939.038981	c2s	SET_TENSOR	309
15939.039105	c2s	SET_TENSOR	313
15939.039329	c2s	SET_TENSOR	313
15939.039420	c2s	SET_TENSOR	817
15939.039527	c2s	SET_TENSOR	309
15939.039653	c2s	GRAPH_RECOMPUTE	4
15939.039817	c2s	GET_TENSOR	312
15939.053902	s2c	bytes	8200
15939.069606	c2s	SET_TENSOR	8497
15939.069890	c2s	SET_TENSOR	8497
15939.069973	c2s	SET_TENSOR	309
15939.070154	c2s	SET_TENSOR	313
15939.070420	c2s	SET_TENSOR	313
15939.070719	c2s	SET_TENSOR	817
15939.070954	c2s	SET_TENSOR	309
15939.071104	c2s	GRAPH_RECOMPUTE	4
15939.071206	c2s	GET_TENSOR	312
15939.082520	s2c	bytes	8200
15939.097897	c2s	SET_TENSOR	8497
15939.098173	c2s	SET_TENSOR	8497
15939.098374	c2s	SET_TENSOR	309
15939.098628	c2s	SET_TENSOR	313
15939.098838	c2s	SET_TENSOR	313
15939.099119	c2s	SET_TENSOR	817
15939.099329	c2s	SET_TENSOR	309
15939.099539	c2s	GRAPH_RECOMPUTE	4
15939.099776	c2s	GET_TENSOR	312
15939.111551	s2c	bytes	8200
15939.127186	c2s	SET_TENSOR	8497
15939.127646	c2s	SET_TENSOR	8497
15939.127738	c2s	SET_TENSOR	309
15939.127851	c2s	SET_TENSOR	313
15939.127939	c2s	SET_TENSOR	313
15939.128173	c2s	SET_TENSOR	817
15939.128437	c2s	SET_TENSOR	309
15939.128559	c2s	GRAPH_RECOMPUTE	4
15939.128662	c2s	GET_TENSOR	312
15939.140268	s2c	bytes	8200
15939.157891	c2s	SET_TENSOR	8497
15939.158252	c2s	SET_TENSOR	8497
15939.158402	c2s	SET_TENSOR	309
15939.158580	c2s	SET_TENSOR	313
15939.158718	c2s	SET_TENSOR	313
15939.158853	c2s	SET_TENSOR	817
15939.159083	c2s	SET_TENSOR	309
15939.159225	c2s	GRAPH_RECOMPUTE	4
15939.159256	c2s	GET_TENSOR	312
15939.170060	s2c	bytes	8200
15939.187707	c2s	SET_TENSOR	8497
15939.188076	c2s	SET_TENSOR	8497
15939.188323	c2s	SET_TENSOR	309
15939.188446	c2s	SET_TENSOR	313
15939.188531	c2s	SET_TENSOR	313
15939.188641	c2s	SET_TENSOR	817
15939.188776	c2s	SET_TENSOR	309
15939.188914	c2s	GRAPH_RECOMPUTE	4
15939.189041	c2s	GET_TENSOR	312
15939.199988	s2c	bytes	8200
15939.224045	c2s	SET_TENSOR	8497
15939.224398	c2s	SET_TENSOR	8497
15939.224540	c2s	SET_TENSOR	309
15939.224687	c2s	SET_TENSOR	313
15939.224809	c2s	SET_TENSOR	313
15939.224894	c2s	SET_TENSOR	817
15939.225099	c2s	SET_TENSOR	309
15939.225235	c2s	GRAPH_RECOMPUTE	4
15939.225347	c2s	GET_TENSOR	312
15939.241169	s2c	bytes	8200
15939.264971	c2s	SET_TENSOR	8497
15939.265200	c2s	SET_TENSOR	8497
15939.265296	c2s	SET_TENSOR	309
15939.265396	c2s	SET_TENSOR	313
15939.265491	c2s	SET_TENSOR	313
15939.265609	c2s	SET_TENSOR	817
15939.265705	c2s	SET_TENSOR	309
15939.265798	c2s	GRAPH_RECOMPUTE	4
15939.265862	c2s	GET_TENSOR	312
15939.276671	s2c	bytes	8200
15939.293687	c2s	SET_TENSOR	8497
15939.293842	c2s	SET_TENSOR	8497
15939.293962	c2s	SET_TENSOR	309
15939.294069	c2s	SET_TENSOR	313
15939.294164	c2s	SET_TENSOR	313
15939.294258	c2s	SET_TENSOR	817
15939.294353	c2s	SET_TENSOR	309
15939.294444	c2s	GRAPH_RECOMPUTE	4
15939.294508	c2s	GET_TENSOR	312
15939.307533	s2c	bytes	8200
15939.327532	c2s	SET_TENSOR	8497
15939.327697	c2s	SET_TENSOR	8497
15939.327809	c2s	SET_TENSOR	309
15939.327902	c2s	SET_TENSOR	313
15939.328026	c2s	SET_TENSOR	313
15939.328150	c2s	SET_TENSOR	817
15939.328298	c2s	SET_TENSOR	309
15939.328397	c2s	GRAPH_RECOMPUTE	4
15939.328462	c2s	GET_TENSOR	312
15939.339510	s2c	bytes	8200
15939.360229	c2s	SET_TENSOR	8497
15939.360398	c2s	SET_TENSOR	8497
15939.360494	c2s	SET_TENSOR	309
15939.360613	c2s	SET_TENSOR	313
15939.360710	c2s	SET_TENSOR	313
15939.360807	c2s	SET_TENSOR	817
15939.360921	c2s	SET_TENSOR	309
15939.361012	c2s	GRAPH_RECOMPUTE	4
15939.361078	c2s	GET_TENSOR	312
15939.371846	s2c	bytes	8200
15939.387552	c2s	SET_TENSOR	8497
15939.387625	c2s	SET_TENSOR	8497
15939.387861	c2s	SET_TENSOR	309
15939.387923	c2s	SET_TENSOR	313
15939.387989	c2s	SET_TENSOR	313
15939.388160	c2s	SET_TENSOR	817
15939.388306	c2s	SET_TENSOR	309
15939.388445	c2s	GRAPH_RECOMPUTE	4
15939.388588	c2s	GET_TENSOR	312
15939.399249	s2c	bytes	8200
15939.418093	c2s	SET_TENSOR	8497
15939.418144	c2s	SET_TENSOR	8497
15939.418367	c2s	SET_TENSOR	309
15939.418434	c2s	SET_TENSOR	313
15939.418487	c2s	SET_TENSOR	313
15939.418543	c2s	SET_TENSOR	817
15939.418663	c2s	SET_TENSOR	309
15939.418790	c2s	GRAPH_RECOMPUTE	4
15939.418911	c2s	GET_TENSOR	312
15939.429752	s2c	bytes	8200
15939.446601	c2s	SET_TENSOR	8497
15939.446651	c2s	SET_TENSOR	8497
15939.446677	c2s	SET_TENSOR	309
15939.446703	c2s	SET_TENSOR	313
15939.446921	c2s	SET_TENSOR	313
15939.446951	c2s	SET_TENSOR	817
15939.446959	c2s	SET_TENSOR	309
15939.446967	c2s	GRAPH_RECOMPUTE	4
15939.447155	c2s	GET_TENSOR	312
15939.461264	s2c	bytes	8200
15939.477258	c2s	SET_TENSOR	8497
15939.477695	c2s	SET_TENSOR	8497
15939.477960	c2s	SET_TENSOR	309
15939.478043	c2s	SET_TENSOR	313
15939.478240	c2s	SET_TENSOR	313
15939.478445	c2s	SET_TENSOR	817
15939.478626	c2s	SET_TENSOR	309
15939.478815	c2s	GRAPH_RECOMPUTE	4
15939.478984	c2s	GET_TENSOR	312
15939.489744	s2c	bytes	8200
15939.506961	c2s	SET_TENSOR	8497
15939.507032	c2s	SET_TENSOR	8497
15939.507380	c2s	SET_TENSOR	309
15939.507408	c2s	SET_TENSOR	313
15939.507457	c2s	SET_TENSOR	313
15939.507737	c2s	SET_TENSOR	817
15939.507751	c2s	SET_TENSOR	309
15939.507784	c2s	GRAPH_RECOMPUTE	4
15939.507797	c2s	GET_TENSOR	312
15939.518788	s2c	bytes	8200
15939.538271	c2s	SET_TENSOR	8497
15939.538708	c2s	SET_TENSOR	8497
15939.538908	c2s	SET_TENSOR	309
15939.539129	c2s	SET_TENSOR	313
15939.539264	c2s	SET_TENSOR	313
15939.539360	c2s	SET_TENSOR	817
15939.539554	c2s	SET_TENSOR	309
15939.539594	c2s	GRAPH_RECOMPUTE	4
15939.539774	c2s	GET_TENSOR	312
15939.550567	s2c	bytes	8200
15939.566584	c2s	SET_TENSOR	8497
15939.566811	c2s	SET_TENSOR	8497
15939.566951	c2s	SET_TENSOR	309
15939.566962	c2s	SET_TENSOR	313
15939.567166	c2s	SET_TENSOR	313
15939.567223	c2s	SET_TENSOR	817
15939.567441	c2s	SET_TENSOR	309
15939.567484	c2s	GRAPH_RECOMPUTE	4
15939.567649	c2s	GET_TENSOR	312
15939.577785	s2c	bytes	8200
15939.583841	c2s	GET_DEVICE_MEMORY	4
15939.584580	s2c	bytes	24
15939.584821	c2s	FREE_BUFFER	8
15939.590027	c2s	FREE_BUFFER	8
15939.601681	c2s	FREE_BUFFER	8
