19214.993717	conn	open	0
19214.994735	c2s	HELLO	24
19214.997529	s2c	bytes	36
19214.997668	c2s	DEVICE_COUNT	0
19214.998330	s2c	bytes	12
19215.047654	conn	open	0
19215.048646	c2s	HELLO	24
19215.052272	s2c	bytes	36
19215.052399	c2s	GET_DEVICE_MEMORY	4
19215.053230	s2c	bytes	24
19215.150290	conn	open	0
19215.150523	c2s	HELLO	24
19215.155676	s2c	bytes	36
19215.155883	c2s	GET_DEVICE_MEMORY	4
19215.156299	s2c	bytes	8
19215.156386	s2c	bytes	16
19215.156579	conn	open	0
19215.156803	c2s	HELLO	24
19215.162019	s2c	bytes	8
19215.162154	s2c	bytes	28
19215.162278	c2s	GET_ALIGNMENT	4
19215.163118	s2c	bytes	16
19215.163207	c2s	GET_MAX_SIZE	4
19215.163818	s2c	bytes	16
19215.163973	conn	open	0
19215.164143	c2s	HELLO	24
19215.166798	s2c	bytes	36
19215.166969	c2s	GET_DEVICE_MEMORY	4
19215.167744	s2c	bytes	24
19215.169448	conn	open	0
19215.170041	c2s	HELLO	24
19215.173351	s2c	bytes	36
19215.173480	c2s	GET_DEVICE_MEMORY	4
19215.174163	s2c	bytes	8
19215.174239	s2c	bytes	16
19215.175790	conn	open	0
19215.176460	c2s	HELLO	24
19215.180863	s2c	bytes	36
19215.183063	c2s	GET_ALLOC_SIZE	3260
19215.184116	s2c	bytes	8
19215.184275	s2c	bytes	8
19215.184416	c2s	GET_ALLOC_SIZE	3260
19215.184826	s2c	bytes	8
19215.184983	s2c	bytes	8
19215.185142	c2s	GET_ALLOC_SIZE	3260
19215.185566	s2c	bytes	16
19215.185706	c2s	GET_ALLOC_SIZE	3260
19215.186173	s2c	bytes	8
19215.186329	s2c	bytes	8
19215.186656	c2s	GET_ALLOC_SIZE	3260
19215.187203	s2c	bytes	16
19215.188316	c2s	GET_DEVICE_MEMORY	4
19215.188873	s2c	bytes	24
19215.189033	c2s	GET_DEVICE_MEMORY	4
19215.189535	s2c	bytes	8
19215.189606	s2c	bytes	16
19215.245704	conn	open	0
19215.246196	c2s	HELLO	24
19215.248902	s2c	bytes	36
19215.249000	c2s	GET_DEVICE_MEMORY	4
19215.249628	s2c	bytes	24
19215.342262	conn	open	0
19215.342667	c2s	HELLO	24
19215.347587	s2c	bytes	36
19215.347676	c2s	GET_DEVICE_MEMORY	4
19215.348392	s2c	bytes	24
19215.348527	conn	open	0
19215.348685	c2s	HELLO	24
19215.354235	s2c	bytes	36
19215.354325	c2s	GET_DEVICE_MEMORY	4
19215.354902	s2c	bytes	24
19215.355014	conn	open	0
19215.358089	c2s	HELLO	24
19215.360974	s2c	bytes	36
19215.361134	c2s	GET_DEVICE_MEMORY	4
19215.361902	s2c	bytes	24
19215.379413	conn	open	0
19215.379649	c2s	HELLO	24
19215.383473	s2c	bytes	36
19215.383551	c2s	GET_DEVICE_MEMORY	4
19215.384334	s2c	bytes	24
19215.384555	conn	open	0
19215.384710	c2s	HELLO	24
19215.389223	s2c	bytes	36
19215.389351	c2s	ALLOC_BUFFER	12
19215.716685	s2c	bytes	24
19215.716883	c2s	BUFFER_GET_BASE	8
19215.717771	s2c	bytes	16
19215.718105	c2s	SET_TENSOR	8497
19216.077765	c2s	SET_TENSOR_HASH	312
19216.078821	s2c	bytes	9
19217.221191	c2s	SET_TENSOR	255252785
19217.228656	c2s	SET_TENSOR	8497
19217.230863	c2s	SET_TENSOR	2359601
19217.238628	c2s	SET_TENSOR	1179953
19217.239663	c2s	SET_TENSOR	1720625
19217.266795	c2s	SET_TENSOR	2359601
19217.267055	c2s	SET_TENSOR	817
19217.267073	c2s	SET_TENSOR	817
19217.267085	c2s	SET_TENSOR	8497
19217.293075	c2s	SET_TENSOR	7078193
19217.333039	c2s	SET_TENSOR	10322225
19217.359791	c2s	SET_TENSOR	7078193
19217.359868	c2s	SET_TENSOR	8497
19217.371595	c2s	SET_TENSOR	2359601
19217.372504	c2s	SET_TENSOR	1179953
19217.399171	c2s	SET_TENSOR	1720625
19217.400354	c2s	SET_TENSOR	2359601
19217.400382	c2s	SET_TENSOR	817
19217.400391	c2s	SET_TENSOR	817
19217.400397	c2s	SET_TENSOR	8497
19217.421797	c2s	SET_TENSOR	7078193
19217.457575	c2s	SET_TENSOR	10322225
19217.484528	c2s	SET_TENSOR	7078193
19217.484629	c2s	SET_TENSOR	8497
19217.492476	c2s	SET_TENSOR	2359601
19217.497271	c2s	SET_TENSOR	1179953
19217.498484	c2s	SET_TENSOR	1720625
19217.511072	c2s	SET_TENSOR	2359601
19217.511870	c2s	SET_TENSOR	817
19217.511902	c2s	SET_TENSOR	817
19217.511913	c2s	SET_TENSOR	8497
19217.533187	c2s	SET_TENSOR	7078193
19217.568142	c2s	SET_TENSOR	10322225
19217.585667	c2s	SET_TENSOR	7078193
19217.585720	c2s	SET_TENSOR	8497
19217.600108	c2s	SET_TENSOR	2359601
19217.601525	c2s	SET_TENSOR	1179953
19217.604156	c2s	SET_TENSOR	1179953
19217.611809	c2s	SET_TENSOR	2359601
19217.611880	c2s	SET_TENSOR	817
19217.611889	c2s	SET_TENSOR	817
19217.611896	c2s	SET_TENSOR	8497
19217.636206	c2s	SET_TENSOR	7078193
19217.659397	c2s	SET_TENSOR	7078193
19217.685025	c2s	SET_TENSOR	7078193
19217.685191	c2s	SET_TENSOR	8497
19217.694405	c2s	SET_TENSOR	2359601
19217.697120	c2s	SET_TENSOR	1179953
19217.702681	c2s	SET_TENSOR	1179953
19217.709474	c2s	SET_TENSOR	2359601
19217.709544	c2s	SET_TENSOR	817
19217.709554	c2s	SET_TENSOR	817
19217.709562	c2s	SET_TENSOR	8497
19217.733246	c2s	SET_TENSOR	7078193
19217.757952	c2s	SET_TENSOR	7078193
19217.789398	c2s	SET_TENSOR	7078193
19217.789511	c2s	SET_TENSOR	8497
19217.797413	c2s	SET_TENSOR	2359601
19217.804355	c2s	SET_TENSOR	1179953
19217.813140	c2s	SET_TENSOR	1720625
19217.820804	c2s	SET_TENSOR	2359601
19217.820886	c2s	SET_TENSOR	817
19217.820894	c2s	SET_TENSOR	817
19217.820901	c2s	SET_TENSOR	8497
19217.848958	c2s	SET_TENSOR	7078193
19217.892557	c2s	SET_TENSOR	10322225
19217.919733	c2s	SET_TENSOR	7078193
19217.919795	c2s	SET_TENSOR	8497
19217.927464	c2s	SET_TENSOR	2359601
19217.934961	c2s	SET_TENSOR	1179953
19217.942279	c2s	SET_TENSOR	1179953
19217.946325	c2s	SET_TENSOR	2359601
19217.946398	c2s	SET_TENSOR	817
19217.946406	c2s	SET_TENSOR	817
19217.946412	c2s	SET_TENSOR	8497
19217.972106	c2s	SET_TENSOR	7078193
19217.995507	c2s	SET_TENSOR	7078193
19218.021056	c2s	SET_TENSOR	7078193
19218.021130	c2s	SET_TENSOR	8497
19218.036366	c2s	SET_TENSOR	2359601
19218.039735	c2s	SET_TENSOR	1179953
19218.045217	c2s	SET_TENSOR	1179953
19218.051150	c2s	SET_TENSOR	2359601
19218.051222	c2s	SET_TENSOR	817
19218.051230	c2s	SET_TENSOR	817
19218.051237	c2s	SET_TENSOR	8497
19218.078101	c2s	SET_TENSOR	7078193
19218.106494	c2s	SET_TENSOR	7078193
19218.134597	c2s	SET_TENSOR	7078193
19218.134793	c2s	SET_TENSOR	8497
19218.141245	c2s	SET_TENSOR	2359601
19218.149333	c2s	SET_TENSOR	1179953
19218.150641	c2s	SET_TENSOR	1720625
19218.161838	c2s	SET_TENSOR	2359601
19218.161871	c2s	SET_TENSOR	817
19218.161879	c2s	SET_TENSOR	817
19218.161885	c2s	SET_TENSOR	8497
19218.193343	c2s	SET_TENSOR	7078193
19218.232258	c2s	SET_TENSOR	10322225
19218.260267	c2s	SET_TENSOR	7078193
19218.260362	c2s	SET_TENSOR	8497
19218.269617	c2s	SET_TENSOR	2359601
19218.275692	c2s	SET_TENSOR	1179953
19218.276565	c2s	SET_TENSOR	1179953
19218.294490	c2s	SET_TENSOR	2359601
19218.294601	c2s	SET_TENSOR	817
19218.294612	c2s	SET_TENSOR	817
19218.294621	c2s	SET_TENSOR	8497
19218.319548	c2s	SET_TENSOR	7078193
19218.349608	c2s	SET_TENSOR	7078193
19218.375395	c2s	SET_TENSOR	7078193
19218.375490	c2s	SET_TENSOR	8497
19218.382415	c2s	SET_TENSOR	2359601
19218.390311	c2s	SET_TENSOR	1179953
19218.391543	c2s	SET_TENSOR	1179953
19218.404048	c2s	SET_TENSOR	2359601
19218.404145	c2s	SET_TENSOR	817
19218.404268	c2s	SET_TENSOR	817
19218.404278	c2s	SET_TENSOR	8497
19218.430542	c2s	SET_TENSOR	7078193
19218.460594	c2s	SET_TENSOR	7078193
19218.490240	c2s	SET_TENSOR	7078193
19218.490335	c2s	SET_TENSOR	8497
19218.499409	c2s	SET_TENSOR	2359601
19218.500324	c2s	SET_TENSOR	1179953
19218.513477	c2s	SET_TENSOR	1720625
19218.520134	c2s	SET_TENSOR	2359601
19218.520201	c2s	SET_TENSOR	817
19218.520209	c2s	SET_TENSOR	817
19218.520215	c2s	SET_TENSOR	8497
19218.548305	c2s	SET_TENSOR	7078193
19218.591396	c2s	SET_TENSOR	10322225
19218.619020	c2s	SET_TENSOR	7078193
19218.620309	c2s	SET_TENSOR	8497
19218.626488	c2s	SET_TENSOR	2359601
19218.633489	c2s	SET_TENSOR	1179953
19218.638321	c2s	SET_TENSOR	1179953
19218.645326	c2s	SET_TENSOR	2359601
19218.645373	c2s	SET_TENSOR	817
19218.645382	c2s	SET_TENSOR	817
19218.645388	c2s	SET_TENSOR	8497
19218.672905	c2s	SET_TENSOR	7078193
19218.703933	c2s	SET_TENSOR	7078193
19218.735243	c2s	SET_TENSOR	7078193
19218.735343	c2s	SET_TENSOR	8497
19218.743024	c2s	SET_TENSOR	2359601
19218.743952	c2s	SET_TENSOR	1179953
19218.750842	c2s	SET_TENSOR	1179953
19218.758103	c2s	SET_TENSOR	2359601
19218.758150	c2s	SET_TENSOR	817
19218.758157	c2s	SET_TENSOR	817
19218.758164	c2s	SET_TENSOR	8497
19218.785103	c2s	SET_TENSOR	7078193
19218.810684	c2s	SET_TENSOR	7078193
19218.841211	c2s	SET_TENSOR	7078193
19218.841314	c2s	SET_TENSOR	8497
19218.848830	c2s	SET_TENSOR	2359601
19218.850650	c2s	SET_TENSOR	1179953
19218.857253	c2s	SET_TENSOR	1720625
19218.864836	c2s	SET_TENSOR	2359601
19218.864930	c2s	SET_TENSOR	817
19218.864939	c2s	SET_TENSOR	817
19218.864946	c2s	SET_TENSOR	8497
19218.885582	c2s	SET_TENSOR	7078193
19218.913296	c2s	SET_TENSOR	10322225
19218.935557	c2s	SET_TENSOR	7078193
19218.935670	c2s	SET_TENSOR	8497
19218.942781	c2s	SET_TENSOR	2359601
19218.949777	c2s	SET_TENSOR	1179953
19218.951134	c2s	SET_TENSOR	1179953
19218.957861	c2s	SET_TENSOR	2359601
19218.957975	c2s	SET_TENSOR	817
19218.957985	c2s	SET_TENSOR	817
19218.957993	c2s	SET_TENSOR	8497
19218.981845	c2s	SET_TENSOR	7078193
19219.006277	c2s	SET_TENSOR	7078193
19219.031055	c2s	SET_TENSOR	7078193
19219.031119	c2s	SET_TENSOR	8497
19219.038112	c2s	SET_TENSOR	2359601
19219.052071	c2s	SET_TENSOR	1179953
19219.053782	c2s	SET_TENSOR	1179953
19219.063254	c2s	SET_TENSOR	2359601
19219.063322	c2s	SET_TENSOR	817
19219.063330	c2s	SET_TENSOR	817
19219.063337	c2s	SET_TENSOR	8497
19219.093438	c2s	SET_TENSOR	7078193
19219.113890	c2s	SET_TENSOR	7078193
19219.141236	c2s	SET_TENSOR	7078193
19219.141391	c2s	SET_TENSOR	8497
19219.150475	c2s	SET_TENSOR	2359601
19219.158126	c2s	SET_TENSOR	1179953
19219.164888	c2s	SET_TENSOR	1720625
19219.172791	c2s	SET_TENSOR	2359601
19219.172829	c2s	SET_TENSOR	817
19219.172837	c2s	SET_TENSOR	817
19219.172843	c2s	SET_TENSOR	8497
19219.200620	c2s	SET_TENSOR	7078193
19219.245349	c2s	SET_TENSOR	10322225
19219.267485	c2s	SET_TENSOR	7078193
19219.267636	c2s	SET_TENSOR	8497
19219.279652	c2s	SET_TENSOR	2359601
19219.281410	c2s	SET_TENSOR	1179953
19219.282938	c2s	SET_TENSOR	1179953
19219.297332	c2s	SET_TENSOR	2359601
19219.297438	c2s	SET_TENSOR	817
19219.297448	c2s	SET_TENSOR	817
19219.297455	c2s	SET_TENSOR	8497
19219.324187	c2s	SET_TENSOR	7078193
19219.354330	c2s	SET_TENSOR	7078193
19219.380975	c2s	SET_TENSOR	7078193
19219.381067	c2s	SET_TENSOR	8497
19219.387928	c2s	SET_TENSOR	2359601
19219.394827	c2s	SET_TENSOR	1179953
19219.400767	c2s	SET_TENSOR	1179953
19219.414555	c2s	SET_TENSOR	2359601
19219.414694	c2s	SET_TENSOR	817
19219.414704	c2s	SET_TENSOR	817
19219.414711	c2s	SET_TENSOR	8497
19219.436400	c2s	SET_TENSOR	7078193
19219.465230	c2s	SET_TENSOR	7078193
19219.497153	c2s	SET_TENSOR	7078193
19219.497238	c2s	SET_TENSOR	8497
19219.503848	c2s	SET_TENSOR	2359601
19219.504718	c2s	SET_TENSOR	1179953
19219.517070	c2s	SET_TENSOR	1720625
19219.523179	c2s	SET_TENSOR	2359601
19219.523245	c2s	SET_TENSOR	817
19219.523253	c2s	SET_TENSOR	817
19219.523260	c2s	SET_TENSOR	8497
19219.555315	c2s	SET_TENSOR	7078193
19219.591243	c2s	SET_TENSOR	10322225
19219.618363	c2s	SET_TENSOR	7078193
19219.618469	c2s	SET_TENSOR	8497
19219.626574	c2s	SET_TENSOR	2359601
19219.633086	c2s	SET_TENSOR	1179953
19219.634030	c2s	SET_TENSOR	1179953
19219.645681	c2s	SET_TENSOR	2359601
19219.645735	c2s	SET_TENSOR	817
19219.645743	c2s	SET_TENSOR	817
19219.645750	c2s	SET_TENSOR	8497
19219.674752	c2s	SET_TENSOR	7078193
19219.706374	c2s	SET_TENSOR	7078193
19219.731882	c2s	SET_TENSOR	7078193
19219.732057	c2s	SET_TENSOR	8497
19219.735130	c2s	SET_TENSOR	2359601
19219.738445	c2s	SET_TENSOR	1179953
19219.744647	c2s	SET_TENSOR	1179953
19219.751481	c2s	SET_TENSOR	2359601
19219.751551	c2s	SET_TENSOR	817
19219.751575	c2s	SET_TENSOR	817
19219.751583	c2s	SET_TENSOR	8497
19219.780985	c2s	SET_TENSOR	7078193
19219.809049	c2s	SET_TENSOR	7078193
19219.832086	c2s	SET_TENSOR	7078193
19219.832276	c2s	SET_TENSOR	8497
19219.840018	c2s	SET_TENSOR	2359601
19219.845294	c2s	SET_TENSOR	1179953
19219.852855	c2s	SET_TENSOR	1720625
19219.859783	c2s	SET_TENSOR	2359601
19219.859866	c2s	SET_TENSOR	817
19219.859875	c2s	SET_TENSOR	817
19219.859881	c2s	SET_TENSOR	8497
19219.890902	c2s	SET_TENSOR	7078193
19219.928160	c2s	SET_TENSOR	10322225
19219.956360	c2s	SET_TENSOR	7078193
19219.956425	c2s	SET_TENSOR	8497
19219.967893	c2s	SET_TENSOR	2359601
19219.975895	c2s	SET_TENSOR	1179953
19219.981326	c2s	SET_TENSOR	1720625
19219.989310	c2s	SET_TENSOR	2359601
19219.989345	c2s	SET_TENSOR	817
19219.989352	c2s	SET_TENSOR	817
19219.989359	c2s	SET_TENSOR	8497
19220.017786	c2s	SET_TENSOR	7078193
19220.058953	c2s	SET_TENSOR	10322225
19220.090270	c2s	SET_TENSOR	7078193
19220.090356	c2s	SET_TENSOR	8497
19220.099091	c2s	SET_TENSOR	2359601
19220.100396	c2s	SET_TENSOR	1179953
19220.107530	c2s	SET_TENSOR	1720625
19220.115531	c2s	SET_TENSOR	2359601
19220.115654	c2s	SET_TENSOR	817
19220.115663	c2s	SET_TENSOR	817
19220.115672	c2s	SET_TENSOR	8497
19220.148837	c2s	SET_TENSOR	7078193
19220.188862	c2s	SET_TENSOR	10322225
19220.212282	c2s	SET_TENSOR	7078193
19220.212332	c2s	SET_TENSOR	8497
19220.226402	c2s	SET_TENSOR	2359601
19220.228507	c2s	SET_TENSOR	1179953
19220.234449	c2s	SET_TENSOR	1720625
19220.243215	c2s	SET_TENSOR	2359601
19220.243308	c2s	SET_TENSOR	817
19220.243316	c2s	SET_TENSOR	817
19220.243322	c2s	SET_TENSOR	8497
19220.265888	c2s	SET_TENSOR	7078193
19220.311278	c2s	SET_TENSOR	10322225
19220.339268	c2s	SET_TENSOR	7078193
19220.339340	c2s	SET_TENSOR	8497
19220.346666	c2s	SET_TENSOR	2359601
19220.353021	c2s	SET_TENSOR	1179953
19220.361183	c2s	SET_TENSOR	1720625
19220.367774	c2s	SET_TENSOR	2359601
19220.367821	c2s	SET_TENSOR	817
19220.367829	c2s	SET_TENSOR	817
19220.367836	c2s	SET_TENSOR	8497
19220.398794	c2s	SET_TENSOR	7078193
19220.445231	c2s	SET_TENSOR	10322225
19220.476126	c2s	SET_TENSOR	7078193
19220.497729	c2s	ALLOC_BUFFER	12
19220.515331	s2c	bytes	24
19220.515468	c2s	BUFFER_GET_BASE	8
19220.515763	s2c	bytes	16
19220.515947	c2s	BUFFER_CLEAR	9
19220.522082	c2s	GET_ALLOC_SIZE	3260
19220.534566	s2c	bytes	16
19220.534665	c2s	GET_ALLOC_SIZE	3260
19220.535050	s2c	bytes	16
19220.535287	c2s	GET_ALLOC_SIZE	3260
19220.535509	s2c	bytes	16
19220.535720	c2s	GET_ALLOC_SIZE	3260
19220.536012	s2c	bytes	16
19220.536407	c2s	ALLOC_BUFFER	12
19220.588169	s2c	bytes	24
19220.589712	c2s	GET_ALLOC_SIZE	3260
19220.590116	s2c	bytes	16
19220.590286	c2s	GET_ALLOC_SIZE	3260
19220.590749	s2c	bytes	8
19220.590879	s2c	bytes	8
19220.591085	c2s	GET_ALLOC_SIZE	3260
19220.591678	s2c	bytes	16
19220.591868	c2s	GET_ALLOC_SIZE	3260
19220.592376	s2c	bytes	16
19220.593814	c2s	GET_ALLOC_SIZE	3260
19220.594481	s2c	bytes	16
19220.599782	c2s	GET_ALLOC_SIZE	3260
19220.600477	s2c	bytes	16
19220.600721	c2s	GET_ALLOC_SIZE	3260
19220.601235	s2c	bytes	16
19220.601499	c2s	GET_ALLOC_SIZE	3260
19220.602255	s2c	bytes	16
19220.602481	c2s	GET_ALLOC_SIZE	3260
19220.602961	s2c	bytes	16
19220.603660	c2s	BUFFER_GET_BASE	8
19220.604298	s2c	bytes	16
19220.605256	c2s	SET_TENSOR	16689
19220.605678	c2s	SET_TENSOR	16689
19220.605755	c2s	SET_TENSOR	321
19220.606188	c2s	SET_TENSOR	16689
19220.606509	c2s	SET_TENSOR	313
19220.606743	c2s	SET_TENSOR	321
19220.607077	c2s	SET_TENSOR	321
19220.607442	c2s	SET_TENSOR	1329
19220.607699	c2s	SET_TENSOR	309
19220.607951	c2s	SET_TENSOR	309
19220.609960	c2s	GRAPH_COMPUTE	427164
19220.609999	c2s	GET_TENSOR	312
19220.919734	s2c	bytes	12
19220.920028	c2s	GET_TENSOR	312
19220.920914	s2c	bytes	12
19220.921181	c2s	GET_TENSOR	312
19220.922120	s2c	bytes	12
19220.922345	c2s	GET_TENSOR	312
19220.923198	s2c	bytes	12
19220.927154	c2s	BUFFER_CLEAR	9
19220.936151	c2s	GET_ALLOC_SIZE	3260
19220.937852	s2c	bytes	16
19220.938128	c2s	GET_ALLOC_SIZE	3260
19220.939094	s2c	bytes	16
19220.939317	c2s	GET_ALLOC_SIZE	3260
19220.940242	s2c	bytes	16
19220.940596	c2s	GET_ALLOC_SIZE	3260
19220.941629	s2c	bytes	16
19220.943379	c2s	SET_TENSOR	41265
19220.943874	c2s	SET_TENSOR	41265
19220.944296	c2s	SET_TENSOR	345
19220.944869	c2s	SET_TENSOR	41265
19220.945167	c2s	SET_TENSOR	325
19220.945821	c2s	SET_TENSOR	345
19220.946125	c2s	SET_TENSOR	345
19220.946458	c2s	SET_TENSOR	2865
19220.946695	c2s	SET_TENSOR	309
19220.946999	c2s	SET_TENSOR	309
19220.949946	c2s	GRAPH_COMPUTE	427164
19220.950031	c2s	GET_TENSOR	312
19220.991051	s2c	bytes	12
19220.991229	c2s	GET_TENSOR	312
19220.992269	s2c	bytes	12
19220.992376	c2s	GET_TENSOR	312
19220.993353	s2c	bytes	12
19220.993548	c2s	GET_TENSOR	312
19220.994443	s2c	bytes	12
19220.996505	c2s	SET_TENSOR	8497
19220.996934	c2s	SET_TENSOR	8497
19220.997209	c2s	SET_TENSOR	313
19220.997874	c2s	SET_TENSOR	8497
19220.998129	c2s	SET_TENSOR	309
19220.998512	c2s	SET_TENSOR	313
19220.998750	c2s	SET_TENSOR	313
19220.999302	c2s	SET_TENSOR	817
19220.999577	c2s	SET_TENSOR	309
19220.999825	c2s	SET_TENSOR	309
19221.002864	c2s	GRAPH_COMPUTE	427164
19221.002918	c2s	GET_TENSOR	312
19221.034926	s2c	bytes	12
19221.035064	c2s	GET_TENSOR	312
19221.036181	s2c	bytes	12
19221.036270	c2s	GET_TENSOR	312
19221.037157	s2c	bytes	12
19221.037351	c2s	GET_TENSOR	312
19221.038196	s2c	bytes	12
19221.038823	c2s	SET_TENSOR	8497
19221.039014	c2s	SET_TENSOR	8497
19221.039121	c2s	SET_TENSOR	313
19221.039398	c2s	SET_TENSOR	8497
19221.040030	c2s	SET_TENSOR	309
19221.040271	c2s	SET_TENSOR	313
19221.040597	c2s	SET_TENSOR	313
19221.041114	c2s	SET_TENSOR	817
19221.041425	c2s	SET_TENSOR	309
19221.041657	c2s	SET_TENSOR	309
19221.041912	c2s	GRAPH_RECOMPUTE	4
19221.042025	c2s	GET_TENSOR	312
19221.070114	s2c	bytes	12
19221.070213	c2s	GET_TENSOR	312
19221.071254	s2c	bytes	12
19221.071334	c2s	GET_TENSOR	312
19221.072215	s2c	bytes	12
19221.072405	c2s	GET_TENSOR	312
19221.073343	s2c	bytes	12
19221.074048	c2s	SET_TENSOR	8497
19221.074469	c2s	SET_TENSOR	8497
19221.074708	c2s	SET_TENSOR	313
19221.075298	c2s	SET_TENSOR	8497
19221.075531	c2s	SET_TENSOR	309
19221.076160	c2s	SET_TENSOR	313
19221.076404	c2s	SET_TENSOR	313
19221.076669	c2s	SET_TENSOR	817
19221.076902	c2s	SET_TENSOR	309
19221.077450	c2s	SET_TENSOR	309
19221.077641	c2s	GRAPH_RECOMPUTE	4
19221.077729	c2s	GET_TENSOR	312
19221.107179	s2c	bytes	12
19221.107268	c2s	GET_TENSOR	312
19221.108111	s2c	bytes	12
19221.108324	c2s	GET_TENSOR	312
19221.109076	s2c	bytes	12
19221.109324	c2s	GET_TENSOR	312
19221.110557	s2c	bytes	12
19221.111147	c2s	SET_TENSOR	8497
19221.111440	c2s	SET_TENSOR	8497
19221.111737	c2s	SET_TENSOR	313
19221.112047	c2s	SET_TENSOR	8497
19221.112405	c2s	SET_TENSOR	309
19221.112642	c2s	SET_TENSOR	313
19221.113033	c2s	SET_TENSOR	313
19221.113359	c2s	SET_TENSOR	817
19221.113650	c2s	SET_TENSOR	309
19221.113886	c2s	SET_TENSOR	309
19221.114150	c2s	GRAPH_RECOMPUTE	4
19221.114238	c2s	GET_TENSOR	312
19221.143312	s2c	bytes	12
19221.143406	c2s	GET_TENSOR	312
19221.144444	s2c	bytes	12
19221.144527	c2s	GET_TENSOR	312
19221.145366	s2c	bytes	12
19221.145597	c2s	GET_TENSOR	312
19221.146443	s2c	bytes	12
19221.147078	c2s	SET_TENSOR	8497
19221.147472	c2s	SET_TENSOR	8497
19221.147811	c2s	SET_TENSOR	313
19221.148379	c2s	SET_TENSOR	8497
19221.148619	c2s	SET_TENSOR	309
19221.148914	c2s	SET_TENSOR	313
19221.149363	c2s	SET_TENSOR	313
19221.149598	c2s	SET_TENSOR	817
19221.149930	c2s	SET_TENSOR	309
19221.150299	c2s	SET_TENSOR	309
19221.150502	c2s	GRAPH_RECOMPUTE	4
19221.150589	c2s	GET_TENSOR	312
19221.181309	s2c	bytes	12
19221.181390	c2s	GET_TENSOR	312
19221.182473	s2c	bytes	12
19221.182668	c2s	GET_TENSOR	312
19221.183688	s2c	bytes	12
19221.183919	c2s	GET_TENSOR	312
19221.184957	s2c	bytes	12
19221.185528	c2s	SET_TENSOR	8497
19221.185929	c2s	SET_TENSOR	8497
19221.186514	c2s	SET_TENSOR	313
19221.186812	c2s	SET_TENSOR	8497
19221.187371	c2s	SET_TENSOR	309
19221.187632	c2s	SET_TENSOR	313
19221.188115	c2s	SET_TENSOR	313
19221.188361	c2s	SET_TENSOR	817
19221.188657	c2s	SET_TENSOR	309
19221.188888	c2s	SET_TENSOR	309
19221.189401	c2s	GRAPH_RECOMPUTE	4
19221.189498	c2s	GET_TENSOR	312
19221.219918	s2c	bytes	12
19221.220054	c2s	GET_TENSOR	312
19221.221189	s2c	bytes	12
19221.221286	c2s	GET_TENSOR	312
19221.222240	s2c	bytes	12
19221.222473	c2s	GET_TENSOR	312
19221.223458	s2c	bytes	8
19221.223902	s2c	bytes	4
19221.224294	c2s	SET_TENSOR	8497
19221.224619	c2s	SET_TENSOR	8497
19221.225027	c2s	SET_TENSOR	313
19221.225342	c2s	SET_TENSOR	8497
19221.225908	c2s	SET_TENSOR	309
19221.226178	c2s	SET_TENSOR	313
19221.226465	c2s	SET_TENSOR	313
19221.226700	c2s	SET_TENSOR	817
19221.227053	c2s	SET_TENSOR	309
19221.227358	c2s	SET_TENSOR	309
19221.227550	c2s	GRAPH_RECOMPUTE	4
19221.227697	c2s	GET_TENSOR	312
19221.258151	s2c	bytes	12
19221.258252	c2s	GET_TENSOR	312
19221.259409	s2c	bytes	12
19221.259495	c2s	GET_TENSOR	312
19221.260474	s2c	bytes	12
19221.260682	c2s	GET_TENSOR	312
19221.261564	s2c	bytes	12
19221.262291	c2s	SET_TENSOR	8497
19221.262830	c2s	SET_TENSOR	8497
19221.263084	c2s	SET_TENSOR	313
19221.263688	c2s	SET_TENSOR	8497
19221.263924	c2s	SET_TENSOR	309
19221.264298	c2s	SET_TENSOR	313
19221.264571	c2s	SET_TENSOR	313
19221.265053	c2s	SET_TENSOR	817
19221.265294	c2s	SET_TENSOR	309
19221.265625	c2s	SET_TENSOR	309
19221.265864	c2s	GRAPH_RECOMPUTE	4
19221.265952	c2s	GET_TENSOR	312
19221.297519	s2c	bytes	12
19221.297618	c2s	GET_TENSOR	312
19221.298780	s2c	bytes	12
19221.298866	c2s	GET_TENSOR	312
19221.299938	s2c	bytes	12
19221.300142	c2s	GET_TENSOR	312
19221.300992	s2c	bytes	12
19221.301637	c2s	SET_TENSOR	8497
19221.302057	c2s	SET_TENSOR	8497
19221.302709	c2s	SET_TENSOR	313
19221.303055	c2s	SET_TENSOR	8497
19221.303297	c2s	SET_TENSOR	309
19221.303530	c2s	SET_TENSOR	313
19221.303913	c2s	SET_TENSOR	313
19221.304477	c2s	SET_TENSOR	817
19221.304729	c2s	SET_TENSOR	309
19221.305102	c2s	SET_TENSOR	309
19221.305293	c2s	GRAPH_RECOMPUTE	4
19221.305380	c2s	GET_TENSOR	312
19221.334508	s2c	bytes	12
19221.334791	c2s	GET_TENSOR	312
19221.335689	s2c	bytes	12
19221.335962	c2s	GET_TENSOR	312
19221.336973	s2c	bytes	12
19221.337079	c2s	GET_TENSOR	312
19221.337916	s2c	bytes	12
19221.338545	c2s	SET_TENSOR	8497
19221.338896	c2s	SET_TENSOR	8497
19221.339159	c2s	SET_TENSOR	313
19221.339829	c2s	SET_TENSOR	8497
19221.340193	c2s	SET_TENSOR	309
19221.340611	c2s	SET_TENSOR	313
19221.340982	c2s	SET_TENSOR	313
19221.341226	c2s	SET_TENSOR	817
19221.341517	c2s	SET_TENSOR	309
19221.341743	c2s	SET_TENSOR	309
19221.342327	c2s	GRAPH_RECOMPUTE	4
19221.342405	c2s	GET_TENSOR	312
19221.372413	s2c	bytes	12
19221.372506	c2s	GET_TENSOR	312
19221.373597	s2c	bytes	8
19221.373837	s2c	bytes	4
19221.374074	c2s	GET_TENSOR	312
19221.375153	s2c	bytes	12
19221.375243	c2s	GET_TENSOR	312
19221.376179	s2c	bytes	12
19221.376745	c2s	SET_TENSOR	8497
19221.377199	c2s	SET_TENSOR	8497
19221.377434	c2s	SET_TENSOR	313
19221.378076	c2s	SET_TENSOR	8497
19221.378397	c2s	SET_TENSOR	309
19221.378825	c2s	SET_TENSOR	313
19221.379095	c2s	SET_TENSOR	313
19221.379424	c2s	SET_TENSOR	817
19221.379760	c2s	SET_TENSOR	309
19221.379986	c2s	SET_TENSOR	309
19221.380485	c2s	GRAPH_RECOMPUTE	4
19221.380576	c2s	GET_TENSOR	312
19221.410980	s2c	bytes	12
19221.411208	c2s	GET_TENSOR	312
19221.412303	s2c	bytes	12
19221.412385	c2s	GET_TENSOR	312
19221.413342	s2c	bytes	12
19221.413531	c2s	GET_TENSOR	312
19221.414436	s2c	bytes	12
19221.414949	c2s	SET_TENSOR	8497
19221.415159	c2s	SET_TENSOR	8497
19221.415443	c2s	SET_TENSOR	313
19221.415576	c2s	SET_TENSOR	8497
19221.415787	c2s	SET_TENSOR	309
19221.416340	c2s	SET_TENSOR	313
19221.416574	c2s	SET_TENSOR	313
19221.417045	c2s	SET_TENSOR	817
19221.417304	c2s	SET_TENSOR	309
19221.417631	c2s	SET_TENSOR	309
19221.417821	c2s	GRAPH_RECOMPUTE	4
19221.417906	c2s	GET_TENSOR	312
19221.447875	s2c	bytes	12
19221.447969	c2s	GET_TENSOR	312
19221.449039	s2c	bytes	12
19221.449137	c2s	GET_TENSOR	312
19221.450140	s2c	bytes	12
19221.450235	c2s	GET_TENSOR	312
19221.451143	s2c	bytes	12
19221.451670	c2s	SET_TENSOR	8497
19221.452180	c2s	SET_TENSOR	8497
19221.452418	c2s	SET_TENSOR	313
19221.453073	c2s	SET_TENSOR	8497
19221.453617	c2s	SET_TENSOR	309
19221.453850	c2s	SET_TENSOR	313
19221.454405	c2s	SET_TENSOR	313
19221.454647	c2s	SET_TENSOR	817
19221.455222	c2s	SET_TENSOR	309
19221.455555	c2s	SET_TENSOR	309
19221.455807	c2s	GRAPH_RECOMPUTE	4
19221.455879	c2s	GET_TENSOR	312
19221.486695	s2c	bytes	12
19221.486793	c2s	GET_TENSOR	312
19221.487916	s2c	bytes	12
19221.487996	c2s	GET_TENSOR	312
19221.489088	s2c	bytes	12
19221.489277	c2s	GET_TENSOR	312
19221.490252	s2c	bytes	12
19221.490783	c2s	SET_TENSOR	8497
19221.490969	c2s	SET_TENSOR	8497
19221.491157	c2s	SET_TENSOR	313
19221.491292	c2s	SET_TENSOR	8497
19221.491449	c2s	SET_TENSOR	309
19221.491640	c2s	SET_TENSOR	313
19221.491902	c2s	SET_TENSOR	313
19221.492162	c2s	SET_TENSOR	817
19221.492707	c2s	SET_TENSOR	309
19221.493015	c2s	SET_TENSOR	309
19221.493210	c2s	GRAPH_RECOMPUTE	4
19221.493305	c2s	GET_TENSOR	312
19221.524458	s2c	bytes	12
19221.524564	c2s	GET_TENSOR	312
19221.527744	s2c	bytes	12
19221.527978	c2s	GET_TENSOR	312
19221.530617	s2c	bytes	12
19221.530869	c2s	GET_TENSOR	312
19221.532583	s2c	bytes	12
19221.532972	c2s	SET_TENSOR	8497
19221.533141	c2s	SET_TENSOR	8497
19221.533353	c2s	SET_TENSOR	313
19221.533486	c2s	SET_TENSOR	8497
19221.533637	c2s	SET_TENSOR	309
19221.533862	c2s	SET_TENSOR	313
19221.534175	c2s	SET_TENSOR	313
19221.534508	c2s	SET_TENSOR	817
19221.535048	c2s	SET_TENSOR	309
19221.535286	c2s	SET_TENSOR	309
19221.535642	c2s	GRAPH_RECOMPUTE	4
19221.535674	c2s	GET_TENSOR	312
19221.565293	s2c	bytes	12
19221.565388	c2s	GET_TENSOR	312
19221.566399	s2c	bytes	12
19221.566668	c2s	GET_TENSOR	312
19221.567713	s2c	bytes	12
19221.567805	c2s	GET_TENSOR	312
19221.568830	s2c	bytes	12
19221.569464	c2s	SET_TENSOR	8497
19221.569843	c2s	SET_TENSOR	8497
19221.570096	c2s	SET_TENSOR	313
19221.570524	c2s	SET_TENSOR	8497
19221.570844	c2s	SET_TENSOR	309
19221.571093	c2s	SET_TENSOR	313
19221.571679	c2s	SET_TENSOR	313
19221.572057	c2s	SET_TENSOR	817
19221.572358	c2s	SET_TENSOR	309
19221.572597	c2s	SET_TENSOR	309
19221.572845	c2s	GRAPH_RECOMPUTE	4
19221.572956	c2s	GET_TENSOR	312
19221.604739	s2c	bytes	12
19221.604834	c2s	GET_TENSOR	312
19221.605951	s2c	bytes	12
19221.606070	c2s	GET_TENSOR	312
19221.607054	s2c	bytes	12
19221.607245	c2s	GET_TENSOR	312
19221.608101	s2c	bytes	12
19221.608726	c2s	SET_TENSOR	8497
19221.609184	c2s	SET_TENSOR	8497
19221.609819	c2s	SET_TENSOR	313
19221.610128	c2s	SET_TENSOR	8497
19221.610685	c2s	SET_TENSOR	309
19221.610917	c2s	SET_TENSOR	313
19221.611230	c2s	SET_TENSOR	313
19221.611463	c2s	SET_TENSOR	817
19221.611783	c2s	SET_TENSOR	309
19221.612022	c2s	SET_TENSOR	309
19221.612488	c2s	GRAPH_RECOMPUTE	4
19221.612574	c2s	GET_TENSOR	312
19221.642701	s2c	bytes	12
19221.642804	c2s	GET_TENSOR	312
19221.643846	s2c	bytes	12
19221.643936	c2s	GET_TENSOR	312
19221.644771	s2c	bytes	12
19221.644989	c2s	GET_TENSOR	312
19221.645828	s2c	bytes	12
19221.646360	c2s	SET_TENSOR	8497
19221.646545	c2s	SET_TENSOR	8497
19221.646651	c2s	SET_TENSOR	313
19221.647098	c2s	SET_TENSOR	8497
19221.647346	c2s	SET_TENSOR	309
19221.647731	c2s	SET_TENSOR	313
19221.648041	c2s	SET_TENSOR	313
19221.648282	c2s	SET_TENSOR	817
19221.648828	c2s	SET_TENSOR	309
19221.649084	c2s	SET_TENSOR	309
19221.649424	c2s	GRAPH_RECOMPUTE	4
19221.649499	c2s	GET_TENSOR	312
19221.679901	s2c	bytes	12
19221.680000	c2s	GET_TENSOR	312
19221.681049	s2c	bytes	12
19221.681281	c2s	GET_TENSOR	312
19221.682328	s2c	bytes	12
19221.682483	c2s	GET_TENSOR	312
19221.683474	s2c	bytes	12
19221.684052	c2s	SET_TENSOR	8497
19221.684394	c2s	SET_TENSOR	8497
19221.684629	c2s	SET_TENSOR	313
19221.685057	c2s	SET_TENSOR	8497
19221.685300	c2s	SET_TENSOR	309
19221.685630	c2s	SET_TENSOR	313
19221.685857	c2s	SET_TENSOR	313
19221.686208	c2s	SET_TENSOR	817
19221.686482	c2s	SET_TENSOR	309
19221.686706	c2s	SET_TENSOR	309
19221.686964	c2s	GRAPH_RECOMPUTE	4
19221.687068	c2s	GET_TENSOR	312
19221.717797	s2c	bytes	12
19221.717892	c2s	GET_TENSOR	312
19221.719030	s2c	bytes	12
19221.719134	c2s	GET_TENSOR	312
19221.720154	s2c	bytes	12
19221.720235	c2s	GET_TENSOR	312
19221.721154	s2c	bytes	12
19221.721763	c2s	SET_TENSOR	8497
19221.722183	c2s	SET_TENSOR	8497
19221.722454	c2s	SET_TENSOR	313
19221.723074	c2s	SET_TENSOR	8497
19221.723409	c2s	SET_TENSOR	309
19221.723669	c2s	SET_TENSOR	313
19221.724229	c2s	SET_TENSOR	313
19221.724463	c2s	SET_TENSOR	817
19221.724739	c2s	SET_TENSOR	309
19221.724976	c2s	SET_TENSOR	309
19221.725473	c2s	GRAPH_RECOMPUTE	4
19221.725567	c2s	GET_TENSOR	312
19221.756113	s2c	bytes	12
19221.756353	c2s	GET_TENSOR	312
19221.757350	s2c	bytes	12
19221.757442	c2s	GET_TENSOR	312
19221.758422	s2c	bytes	12
19221.758510	c2s	GET_TENSOR	312
19221.759319	s2c	bytes	12
19221.759968	c2s	SET_TENSOR	8497
19221.760377	c2s	SET_TENSOR	8497
19221.760713	c2s	SET_TENSOR	313
19221.761034	c2s	SET_TENSOR	8497
19221.761399	c2s	SET_TENSOR	309
19221.761719	c2s	SET_TENSOR	313
19221.761962	c2s	SET_TENSOR	313
19221.762353	c2s	SET_TENSOR	817
19221.762714	c2s	SET_TENSOR	309
19221.762999	c2s	SET_TENSOR	309
19221.763195	c2s	GRAPH_RECOMPUTE	4
19221.763282	c2s	GET_TENSOR	312
19221.794324	s2c	bytes	12
19221.794618	c2s	GET_TENSOR	312
19221.795861	s2c	bytes	12
19221.795953	c2s	GET_TENSOR	312
19221.797133	s2c	bytes	12
19221.797225	c2s	GET_TENSOR	312
19221.798683	s2c	bytes	12
19221.799242	c2s	SET_TENSOR	8497
19221.799614	c2s	SET_TENSOR	8497
19221.799850	c2s	SET_TENSOR	313
19221.800575	c2s	SET_TENSOR	8497
19221.800887	c2s	SET_TENSOR	309
19221.801171	c2s	SET_TENSOR	313
19221.801743	c2s	SET_TENSOR	313
19221.802050	c2s	SET_TENSOR	817
19221.802315	c2s	SET_TENSOR	309
19221.802865	c2s	SET_TENSOR	309
19221.803070	c2s	GRAPH_RECOMPUTE	4
19221.803193	c2s	GET_TENSOR	312
19221.832449	s2c	bytes	12
19221.832538	c2s	GET_TENSOR	312
19221.833591	s2c	bytes	12
19221.833680	c2s	GET_TENSOR	312
19221.834711	s2c	bytes	12
19221.834808	c2s	GET_TENSOR	312
19221.835692	s2c	bytes	12
19221.836348	c2s	SET_TENSOR	8497
19221.836743	c2s	SET_TENSOR	8497
19221.837450	c2s	SET_TENSOR	313
19221.837746	c2s	SET_TENSOR	8497
19221.838347	c2s	SET_TENSOR	309
19221.838580	c2s	SET_TENSOR	313
19221.839126	c2s	SET_TENSOR	313
19221.839361	c2s	SET_TENSOR	817
19221.839682	c2s	SET_TENSOR	309
19221.839913	c2s	SET_TENSOR	309
19221.840426	c2s	GRAPH_RECOMPUTE	4
19221.840518	c2s	GET_TENSOR	312
19221.872286	s2c	bytes	12
19221.872381	c2s	GET_TENSOR	312
19221.874111	s2c	bytes	12
19221.874204	c2s	GET_TENSOR	312
19221.875121	s2c	bytes	12
19221.875218	c2s	GET_TENSOR	312
19221.875945	s2c	bytes	12
19221.876436	c2s	SET_TENSOR	8497
19221.877133	c2s	SET_TENSOR	8497
19221.877371	c2s	SET_TENSOR	313
19221.877976	c2s	SET_TENSOR	8497
19221.878353	c2s	SET_TENSOR	309
19221.878587	c2s	SET_TENSOR	313
19221.878952	c2s	SET_TENSOR	313
19221.879269	c2s	SET_TENSOR	817
19221.879503	c2s	SET_TENSOR	309
19221.879818	c2s	SET_TENSOR	309
19221.880031	c2s	GRAPH_RECOMPUTE	4
19221.880129	c2s	GET_TENSOR	312
19221.910764	s2c	bytes	12
19221.911040	c2s	GET_TENSOR	312
19221.911888	s2c	bytes	12
19221.911984	c2s	GET_TENSOR	312
19221.912758	s2c	bytes	12
19221.912958	c2s	GET_TENSOR	312
19221.913614	s2c	bytes	12
19221.914124	c2s	SET_TENSOR	8497
19221.914667	c2s	SET_TENSOR	8497
19221.915026	c2s	SET_TENSOR	313
19221.915310	c2s	SET_TENSOR	8497
19221.915691	c2s	SET_TENSOR	309
19221.916102	c2s	SET_TENSOR	313
19221.916575	c2s	SET_TENSOR	313
19221.916810	c2s	SET_TENSOR	817
19221.917352	c2s	SET_TENSOR	309
19221.917591	c2s	SET_TENSOR	309
19221.917875	c2s	GRAPH_RECOMPUTE	4
19221.917968	c2s	GET_TENSOR	312
19221.946390	s2c	bytes	12
19221.946484	c2s	GET_TENSOR	312
19221.947545	s2c	bytes	12
19221.947660	c2s	GET_TENSOR	312
19221.948728	s2c	bytes	12
19221.948821	c2s	GET_TENSOR	312
19221.949778	s2c	bytes	12
19221.950239	c2s	SET_TENSOR	8497
19221.950500	c2s	SET_TENSOR	8497
19221.950980	c2s	SET_TENSOR	313
19221.951292	c2s	SET_TENSOR	8497
19221.951891	c2s	SET_TENSOR	309
19221.952147	c2s	SET_TENSOR	313
19221.952653	c2s	SET_TENSOR	313
19221.952892	c2s	SET_TENSOR	817
19221.953246	c2s	SET_TENSOR	309
19221.953482	c2s	SET_TENSOR	309
19221.953726	c2s	GRAPH_RECOMPUTE	4
19221.953824	c2s	GET_TENSOR	312
19221.984978	s2c	bytes	12
19221.985113	c2s	GET_TENSOR	312
19221.985934	s2c	bytes	12
19221.986142	c2s	GET_TENSOR	312
19221.986996	s2c	bytes	12
19221.987261	c2s	GET_TENSOR	312
19221.988164	s2c	bytes	12
19221.988672	c2s	SET_TENSOR	8497
19221.989058	c2s	SET_TENSOR	8497
19221.989292	c2s	SET_TENSOR	313
19221.989895	c2s	SET_TENSOR	8497
19221.990182	c2s	SET_TENSOR	309
19221.990623	c2s	SET_TENSOR	313
19221.990860	c2s	SET_TENSOR	313
19221.991143	c2s	SET_TENSOR	817
19221.991387	c2s	SET_TENSOR	309
19221.991876	c2s	SET_TENSOR	309
19221.992092	c2s	GRAPH_RECOMPUTE	4
19221.992179	c2s	GET_TENSOR	312
19222.022901	s2c	bytes	12
19222.023022	c2s	GET_TENSOR	312
19222.024215	s2c	bytes	12
19222.024296	c2s	GET_TENSOR	312
19222.025145	s2c	bytes	12
19222.025336	c2s	GET_TENSOR	312
19222.026216	s2c	bytes	12
19222.026781	c2s	SET_TENSOR	8497
19222.027025	c2s	SET_TENSOR	8497
19222.027330	c2s	SET_TENSOR	313
19222.027519	c2s	SET_TENSOR	8497
19222.027775	c2s	SET_TENSOR	309
19222.028410	c2s	SET_TENSOR	313
19222.028645	c2s	SET_TENSOR	313
19222.029159	c2s	SET_TENSOR	817
19222.029389	c2s	SET_TENSOR	309
19222.029718	c2s	SET_TENSOR	309
19222.029916	c2s	GRAPH_RECOMPUTE	4
19222.030051	c2s	GET_TENSOR	312
19222.059698	s2c	bytes	12
19222.059953	c2s	GET_TENSOR	312
19222.061078	s2c	bytes	12
19222.061169	c2s	GET_TENSOR	312
19222.061954	s2c	bytes	12
19222.062156	c2s	GET_TENSOR	312
19222.063195	s2c	bytes	12
19222.063757	c2s	SET_TENSOR	8497
19222.063982	c2s	SET_TENSOR	8497
19222.064142	c2s	SET_TENSOR	313
19222.064489	c2s	SET_TENSOR	8497
19222.064723	c2s	SET_TENSOR	309
19222.065309	c2s	SET_TENSOR	313
19222.065544	c2s	SET_TENSOR	313
19222.065785	c2s	SET_TENSOR	817
19222.066037	c2s	SET_TENSOR	309
19222.066483	c2s	SET_TENSOR	309
19222.066688	c2s	GRAPH_RECOMPUTE	4
19222.066774	c2s	GET_TENSOR	312
19222.098253	s2c	bytes	12
19222.098388	c2s	GET_TENSOR	312
19222.099389	s2c	bytes	12
19222.099483	c2s	GET_TENSOR	312
19222.100245	s2c	bytes	12
19222.100435	c2s	GET_TENSOR	312
19222.101299	s2c	bytes	12
19222.101989	c2s	SET_TENSOR	8497
19222.102726	c2s	SET_TENSOR	8497
19222.102985	c2s	SET_TENSOR	313
19222.103629	c2s	SET_TENSOR	8497
19222.103934	c2s	SET_TENSOR	309
19222.104211	c2s	SET_TENSOR	313
19222.104548	c2s	SET_TENSOR	313
19222.104775	c2s	SET_TENSOR	817
19222.105108	c2s	SET_TENSOR	309
19222.105476	c2s	SET_TENSOR	309
19222.105663	c2s	GRAPH_RECOMPUTE	4
19222.105749	c2s	GET_TENSOR	312
19222.136576	s2c	bytes	12
19222.136668	c2s	GET_TENSOR	312
19222.137736	s2c	bytes	12
19222.137831	c2s	GET_TENSOR	312
19222.138833	s2c	bytes	12
19222.138927	c2s	GET_TENSOR	312
19222.139958	s2c	bytes	12
19222.140516	c2s	SET_TENSOR	8497
19222.140911	c2s	SET_TENSOR	8497
19222.141619	c2s	SET_TENSOR	313
19222.141918	c2s	SET_TENSOR	8497
19222.142262	c2s	SET_TENSOR	309
19222.142511	c2s	SET_TENSOR	313
19222.142870	c2s	SET_TENSOR	313
19222.143188	c2s	SET_TENSOR	817
19222.143422	c2s	SET_TENSOR	309
19222.143778	c2s	SET_TENSOR	309
19222.144128	c2s	GRAPH_RECOMPUTE	4
19222.144161	c2s	GET_TENSOR	312
19222.173920	s2c	bytes	12
19222.174224	c2s	GET_TENSOR	312
19222.175406	s2c	bytes	12
19222.175512	c2s	GET_TENSOR	312
19222.176688	s2c	bytes	12
19222.176773	c2s	GET_TENSOR	312
19222.177683	s2c	bytes	12
19222.178337	c2s	SET_TENSOR	8497
19222.178645	c2s	SET_TENSOR	8497
19222.178915	c2s	SET_TENSOR	313
19222.179208	c2s	SET_TENSOR	8497
19222.179561	c2s	SET_TENSOR	309
19222.179899	c2s	SET_TENSOR	313
19222.180146	c2s	SET_TENSOR	313
19222.180488	c2s	SET_TENSOR	817
19222.180727	c2s	SET_TENSOR	309
19222.181203	c2s	SET_TENSOR	309
19222.181398	c2s	GRAPH_RECOMPUTE	4
19222.181484	c2s	GET_TENSOR	312
19222.212300	s2c	bytes	12
19222.212580	c2s	GET_TENSOR	312
19222.213593	s2c	bytes	12
19222.213689	c2s	GET_TENSOR	312
19222.215421	s2c	bytes	12
19222.215631	c2s	GET_TENSOR	312
19222.216476	s2c	bytes	12
19222.217179	c2s	SET_TENSOR	8497
19222.217545	c2s	SET_TENSOR	8497
19222.217783	c2s	SET_TENSOR	313
19222.218178	c2s	SET_TENSOR	8497
19222.218440	c2s	SET_TENSOR	309
19222.218773	c2s	SET_TENSOR	313
19222.218997	c2s	SET_TENSOR	313
19222.219549	c2s	SET_TENSOR	817
19222.219830	c2s	SET_TENSOR	309
19222.220259	c2s	SET_TENSOR	309
19222.220468	c2s	GRAPH_RECOMPUTE	4
19222.220588	c2s	GET_TENSOR	312
19222.250610	s2c	bytes	12
19222.250706	c2s	GET_TENSOR	312
19222.251715	s2c	bytes	12
19222.251804	c2s	GET_TENSOR	312
19222.252592	s2c	bytes	12
19222.252782	c2s	GET_TENSOR	312
19222.253631	s2c	bytes	12
19222.254210	c2s	SET_TENSOR	8497
19222.254635	c2s	SET_TENSOR	8497
19222.254784	c2s	SET_TENSOR	313
19222.255330	c2s	SET_TENSOR	8497
19222.255668	c2s	SET_TENSOR	309
19222.255900	c2s	SET_TENSOR	313
19222.256485	c2s	SET_TENSOR	313
19222.256727	c2s	SET_TENSOR	817
19222.257021	c2s	SET_TENSOR	309
19222.257312	c2s	SET_TENSOR	309
19222.257504	c2s	GRAPH_RECOMPUTE	4
19222.257591	c2s	GET_TENSOR	312
19222.288389	s2c	bytes	12
19222.288482	c2s	GET_TENSOR	312
19222.289480	s2c	bytes	12
19222.289573	c2s	GET_TENSOR	312
19222.290622	s2c	bytes	12
19222.290715	c2s	GET_TENSOR	312
19222.291664	s2c	bytes	12
19222.292242	c2s	SET_TENSOR	8497
19222.292536	c2s	SET_TENSOR	8497
19222.293219	c2s	SET_TENSOR	313
19222.293509	c2s	SET_TENSOR	8497
19222.294066	c2s	SET_TENSOR	309
19222.294332	c2s	SET_TENSOR	313
19222.294649	c2s	SET_TENSOR	313
19222.294880	c2s	SET_TENSOR	817
19222.295387	c2s	SET_TENSOR	309
19222.295637	c2s	SET_TENSOR	309
19222.295836	c2s	GRAPH_RECOMPUTE	4
19222.295961	c2s	GET_TENSOR	312
19222.326218	s2c	bytes	12
19222.326338	c2s	GET_TENSOR	312
19222.327400	s2c	bytes	12
19222.327484	c2s	GET_TENSOR	312
19222.328378	s2c	bytes	12
19222.328585	c2s	GET_TENSOR	312
19222.329447	s2c	bytes	12
19222.330116	c2s	SET_TENSOR	8497
19222.330486	c2s	SET_TENSOR	8497
19222.330730	c2s	SET_TENSOR	313
19222.331401	c2s	SET_TENSOR	8497
19222.331696	c2s	SET_TENSOR	309
19222.331946	c2s	SET_TENSOR	313
19222.332530	c2s	SET_TENSOR	313
19222.332772	c2s	SET_TENSOR	817
19222.333092	c2s	SET_TENSOR	309
19222.333331	c2s	SET_TENSOR	309
19222.333579	c2s	GRAPH_RECOMPUTE	4
19222.333667	c2s	GET_TENSOR	312
19222.363555	s2c	bytes	12
19222.363672	c2s	GET_TENSOR	312
19222.364700	s2c	bytes	12
19222.364796	c2s	GET_TENSOR	312
19222.365667	s2c	bytes	12
19222.365898	c2s	GET_TENSOR	312
19222.366740	s2c	bytes	12
19222.367474	c2s	SET_TENSOR	8497
19222.367858	c2s	SET_TENSOR	8497
19222.368115	c2s	SET_TENSOR	313
19222.368791	c2s	SET_TENSOR	8497
19222.369135	c2s	SET_TENSOR	309
19222.369534	c2s	SET_TENSOR	313
19222.369759	c2s	SET_TENSOR	313
19222.370130	c2s	SET_TENSOR	817
19222.370420	c2s	SET_TENSOR	309
19222.370776	c2s	SET_TENSOR	309
19222.370965	c2s	GRAPH_RECOMPUTE	4
19222.371071	c2s	GET_TENSOR	312
19222.402699	s2c	bytes	12
19222.402796	c2s	GET_TENSOR	312
19222.403904	s2c	bytes	12
19222.403992	c2s	GET_TENSOR	312
19222.404957	s2c	bytes	12
19222.405175	c2s	GET_TENSOR	312
19222.406423	s2c	bytes	8
19222.407142	s2c	bytes	4
19222.407562	c2s	SET_TENSOR	8497
19222.407821	c2s	SET_TENSOR	8497
19222.407965	c2s	SET_TENSOR	313
19222.408499	c2s	SET_TENSOR	8497
19222.408808	c2s	SET_TENSOR	309
19222.409119	c2s	SET_TENSOR	313
19222.409453	c2s	SET_TENSOR	313
19222.409680	c2s	SET_TENSOR	817
19222.409993	c2s	SET_TENSOR	309
19222.410302	c2s	SET_TENSOR	309
19222.410699	c2s	GRAPH_RECOMPUTE	4
19222.410732	c2s	GET_TENSOR	312
19222.445240	s2c	bytes	12
19222.445343	c2s	GET_TENSOR	312
19222.446368	s2c	bytes	12
19222.446572	c2s	GET_TENSOR	312
19222.447425	s2c	bytes	12
19222.447676	c2s	GET_TENSOR	312
19222.448574	s2c	bytes	12
19222.449103	c2s	SET_TENSOR	8497
19222.449394	c2s	SET_TENSOR	8497
19222.450023	c2s	SET_TENSOR	313
19222.450371	c2s	SET_TENSOR	8497
19222.450839	c2s	SET_TENSOR	309
19222.451094	c2s	SET_TENSOR	313
19222.451648	c2s	SET_TENSOR	313
19222.451887	c2s	SET_TENSOR	817
19222.452200	c2s	SET_TENSOR	309
19222.452437	c2s	SET_TENSOR	309
19222.452791	c2s	GRAPH_RECOMPUTE	4
19222.452864	c2s	GET_TENSOR	312
19222.483582	s2c	bytes	8
19222.484208	s2c	bytes	4
19222.484317	c2s	GET_TENSOR	312
19222.486074	s2c	bytes	12
19222.486266	c2s	GET_TENSOR	312
19222.487422	s2c	bytes	12
19222.487697	c2s	GET_TENSOR	312
19222.488642	s2c	bytes	12
19222.489207	c2s	SET_TENSOR	8497
19222.489601	c2s	SET_TENSOR	8497
19222.489929	c2s	SET_TENSOR	313
19222.490425	c2s	SET_TENSOR	8497
19222.490666	c2s	SET_TENSOR	309
19222.491219	c2s	SET_TENSOR	313
19222.491454	c2s	SET_TENSOR	313
19222.491987	c2s	SET_TENSOR	817
19222.492253	c2s	SET_TENSOR	309
19222.492833	c2s	SET_TENSOR	309
19222.493095	c2s	GRAPH_RECOMPUTE	4
19222.493168	c2s	GET_TENSOR	312
19222.522913	s2c	bytes	12
19222.523029	c2s	GET_TENSOR	312
19222.523996	s2c	bytes	12
19222.524136	c2s	GET_TENSOR	312
19222.525264	s2c	bytes	12
19222.525350	c2s	GET_TENSOR	312
19222.526193	s2c	bytes	12
19222.526794	c2s	SET_TENSOR	8497
19222.527192	c2s	SET_TENSOR	8497
19222.527426	c2s	SET_TENSOR	313
19222.527848	c2s	SET_TENSOR	8497
19222.528241	c2s	SET_TENSOR	309
19222.528477	c2s	SET_TENSOR	313
19222.528978	c2s	SET_TENSOR	313
19222.529236	c2s	SET_TENSOR	817
19222.529575	c2s	SET_TENSOR	309
19222.529859	c2s	SET_TENSOR	309
19222.530074	c2s	GRAPH_RECOMPUTE	4
19222.530161	c2s	GET_TENSOR	312
19222.559686	s2c	bytes	12
19222.559936	c2s	GET_TENSOR	312
19222.561097	s2c	bytes	12
19222.561188	c2s	GET_TENSOR	312
19222.562400	s2c	bytes	12
19222.562487	c2s	GET_TENSOR	312
19222.563392	s2c	bytes	12
19222.564014	c2s	SET_TENSOR	8497
19222.564348	c2s	SET_TENSOR	8497
19222.564578	c2s	SET_TENSOR	313
19222.565038	c2s	SET_TENSOR	8497
19222.565408	c2s	SET_TENSOR	309
19222.565635	c2s	SET_TENSOR	313
19222.565983	c2s	SET_TENSOR	313
19222.566225	c2s	SET_TENSOR	817
19222.566559	c2s	SET_TENSOR	309
19222.566859	c2s	SET_TENSOR	309
19222.567063	c2s	GRAPH_RECOMPUTE	4
19222.567152	c2s	GET_TENSOR	312
19222.598329	s2c	bytes	12
19222.598623	c2s	GET_TENSOR	312
19222.599638	s2c	bytes	12
19222.599722	c2s	GET_TENSOR	312
19222.600588	s2c	bytes	12
19222.600773	c2s	GET_TENSOR	312
19222.601629	s2c	bytes	12
19222.602330	c2s	SET_TENSOR	8497
19222.602722	c2s	SET_TENSOR	8497
19222.603091	c2s	SET_TENSOR	313
19222.603601	c2s	SET_TENSOR	8497
19222.603954	c2s	SET_TENSOR	309
19222.604201	c2s	SET_TENSOR	313
19222.604783	c2s	SET_TENSOR	313
19222.605142	c2s	SET_TENSOR	817
19222.605555	c2s	SET_TENSOR	309
19222.605788	c2s	SET_TENSOR	309
19222.606114	c2s	GRAPH_RECOMPUTE	4
19222.606189	c2s	GET_TENSOR	312
19222.636341	s2c	bytes	12
19222.636430	c2s	GET_TENSOR	312
19222.637453	s2c	bytes	12
19222.637541	c2s	GET_TENSOR	312
19222.638440	s2c	bytes	12
19222.638647	c2s	GET_TENSOR	312
19222.639460	s2c	bytes	12
19222.640140	c2s	SET_TENSOR	8497
19222.640526	c2s	SET_TENSOR	8497
19222.640931	c2s	SET_TENSOR	313
19222.642235	c2s	SET_TENSOR	8497
19222.642702	c2s	SET_TENSOR	309
19222.643140	c2s	SET_TENSOR	313
19222.643379	c2s	SET_TENSOR	313
19222.643791	c2s	SET_TENSOR	817
19222.644370	c2s	SET_TENSOR	309
19222.644744	c2s	SET_TENSOR	309
19222.645086	c2s	GRAPH_RECOMPUTE	4
19222.645179	c2s	GET_TENSOR	312
19222.676068	s2c	bytes	12
19222.676163	c2s	GET_TENSOR	312
19222.677303	s2c	bytes	12
19222.677389	c2s	GET_TENSOR	312
19222.678313	s2c	bytes	12
19222.678523	c2s	GET_TENSOR	312
19222.679443	s2c	bytes	12
19222.680111	c2s	SET_TENSOR	8497
19222.680494	c2s	SET_TENSOR	8497
19222.680819	c2s	SET_TENSOR	313
19222.681358	c2s	SET_TENSOR	8497
19222.681595	c2s	SET_TENSOR	309
19222.681922	c2s	SET_TENSOR	313
19222.682163	c2s	SET_TENSOR	313
19222.682497	c2s	SET_TENSOR	817
19222.682766	c2s	SET_TENSOR	309
19222.683199	c2s	SET_TENSOR	309
19222.683391	c2s	GRAPH_RECOMPUTE	4
19222.683477	c2s	GET_TENSOR	312
19222.713384	s2c	bytes	12
19222.713485	c2s	GET_TENSOR	312
19222.714583	s2c	bytes	12
19222.714670	c2s	GET_TENSOR	312
19222.715597	s2c	bytes	12
19222.715804	c2s	GET_TENSOR	312
19222.716665	s2c	bytes	12
19222.717426	c2s	SET_TENSOR	8497
19222.717793	c2s	SET_TENSOR	8497
19222.718046	c2s	SET_TENSOR	313
19222.718719	c2s	SET_TENSOR	8497
19222.719042	c2s	SET_TENSOR	309
19222.719281	c2s	SET_TENSOR	313
19222.719664	c2s	SET_TENSOR	313
19222.719975	c2s	SET_TENSOR	817
19222.720220	c2s	SET_TENSOR	309
19222.720755	c2s	SET_TENSOR	309
19222.720969	c2s	GRAPH_RECOMPUTE	4
19222.721074	c2s	GET_TENSOR	312
19222.752105	s2c	bytes	12
19222.752201	c2s	GET_TENSOR	312
19222.753285	s2c	bytes	12
19222.753373	c2s	GET_TENSOR	312
19222.754232	s2c	bytes	12
19222.754418	c2s	GET_TENSOR	312
19222.755259	s2c	bytes	12
19222.755916	c2s	SET_TENSOR	8497
19222.756293	c2s	SET_TENSOR	8497
19222.756531	c2s	SET_TENSOR	313
19222.757188	c2s	SET_TENSOR	8497
19222.757525	c2s	SET_TENSOR	309
19222.757772	c2s	SET_TENSOR	313
19222.758144	c2s	SET_TENSOR	313
19222.758439	c2s	SET_TENSOR	817
19222.758661	c2s	SET_TENSOR	309
19222.758885	c2s	SET_TENSOR	309
19222.759165	c2s	GRAPH_RECOMPUTE	4
19222.759253	c2s	GET_TENSOR	312
19222.791383	s2c	bytes	12
19222.791465	c2s	GET_TENSOR	312
19222.792515	s2c	bytes	12
19222.792750	c2s	GET_TENSOR	312
19222.793694	s2c	bytes	12
19222.793900	c2s	GET_TENSOR	312
19222.794894	s2c	bytes	12
19222.795539	c2s	GET_DEVICE_MEMORY	4
19222.796438	s2c	bytes	24
19222.796891	c2s	FREE_BUFFER	8
19222.797398	c2s	FREE_BUFFER	8
19222.797769	c2s	FREE_BUFFER	8
