15866.331357	conn	open	0
15866.331925	c2s	HELLO	24
15866.335089	s2c	bytes	36
15866.335206	c2s	DEVICE_COUNT	0
15866.335766	s2c	bytes	12
15866.336916	conn	open	0
15866.337258	c2s	HELLO	24
15866.339815	s2c	bytes	36
15866.339919	c2s	GET_ALIGNMENT	4
15866.340517	s2c	bytes	16
15866.340621	c2s	GET_MAX_SIZE	4
15866.341206	s2c	bytes	8
15866.341337	s2c	bytes	8
15866.393244	conn	open	0
15866.393548	c2s	HELLO	24
15866.396961	s2c	bytes	36
15866.397155	c2s	GET_DEVICE_MEMORY	4
15866.397803	s2c	bytes	24
15866.493816	conn	open	0
15866.494033	c2s	HELLO	24
15866.498766	s2c	bytes	36
15866.498857	c2s	GET_DEVICE_MEMORY	4
15866.499487	s2c	bytes	24
15866.499647	conn	open	0
15866.499879	c2s	HELLO	24
15866.501135	s2c	bytes	36
15866.501210	c2s	GET_DEVICE_MEMORY	4
15866.501582	s2c	bytes	24
15866.503425	conn	open	0
15866.503538	c2s	HELLO	24
15866.504809	s2c	bytes	8
15866.504895	s2c	bytes	28
15866.504989	c2s	GET_DEVICE_MEMORY	4
15866.505514	s2c	bytes	24
15866.506635	conn	open	0
15866.506757	c2s	HELLO	24
15866.508068	s2c	bytes	8
15866.508132	s2c	bytes	28
15866.509751	c2s	GET_ALLOC_SIZE	3260
15866.510310	s2c	bytes	8
15866.510421	s2c	bytes	8
15866.510451	c2s	GET_ALLOC_SIZE	3260
15866.510956	s2c	bytes	16
15866.510981	c2s	GET_ALLOC_SIZE	3260
15866.511564	s2c	bytes	16
15866.511598	c2s	GET_ALLOC_SIZE	3260
15866.512134	s2c	bytes	16
15866.512960	c2s	GET_DEVICE_MEMORY	4
15866.513561	s2c	bytes	8
15866.513658	s2c	bytes	16
15866.513706	c2s	GET_DEVICE_MEMORY	4
15866.514263	s2c	bytes	24
15866.563479	conn	open	0
15866.563921	c2s	HELLO	24
15866.567218	s2c	bytes	8
15866.567322	s2c	bytes	28
15866.567552	c2s	GET_DEVICE_MEMORY	4
15866.568457	s2c	bytes	24
15866.659486	conn	open	0
15866.659665	c2s	HELLO	24
15866.661966	s2c	bytes	36
15866.662017	c2s	GET_DEVICE_MEMORY	4
15866.662626	s2c	bytes	24
15866.662767	conn	open	0
15866.662939	c2s	HELLO	24
15866.667480	s2c	bytes	36
15866.667547	c2s	GET_DEVICE_MEMORY	4
15866.671138	s2c	bytes	24
15866.671232	conn	open	0
15866.671412	c2s	HELLO	24
15866.673209	s2c	bytes	36
15866.673258	c2s	GET_DEVICE_MEMORY	4
15866.673800	s2c	bytes	24
15866.688238	conn	open	0
15866.688386	c2s	HELLO	24
15866.690346	s2c	bytes	36
15866.690416	c2s	GET_DEVICE_MEMORY	4
15866.691052	s2c	bytes	24
15866.691183	conn	open	0
15866.691265	c2s	HELLO	24
15866.694702	s2c	bytes	36
15866.694776	c2s	ALLOC_BUFFER	12
15866.737738	s2c	bytes	24
15866.737816	c2s	BUFFER_GET_BASE	8
15866.738692	s2c	bytes	16
15866.940978	c2s	SET_TENSOR	8497
15866.941072	c2s	SET_TENSOR	8497
15866.944454	c2s	SET_TENSOR	2359601
15866.945594	c2s	SET_TENSOR	1179953
15866.948414	c2s	SET_TENSOR	1179953
15866.957833	c2s	SET_TENSOR	2359601
15866.957855	c2s	SET_TENSOR	817
15866.957857	c2s	SET_TENSOR	817
15866.957859	c2s	SET_TENSOR	8497
15867.007284	c2s	SET_TENSOR	7078193
15867.043273	c2s	SET_TENSOR	7078193
15867.075659	c2s	SET_TENSOR	7078193
15867.075751	c2s	SET_TENSOR	8497
15867.084375	c2s	SET_TENSOR	2359601
15867.091665	c2s	SET_TENSOR	1179953
15867.092533	c2s	SET_TENSOR	1179953
15867.103298	c2s	SET_TENSOR	2359601
15867.103386	c2s	SET_TENSOR	817
15867.103408	c2s	SET_TENSOR	817
15867.103420	c2s	SET_TENSOR	8497
15867.141870	c2s	SET_TENSOR	7078193
15867.172850	c2s	SET_TENSOR	7078193
15867.200743	c2s	SET_TENSOR	7078193
15867.200808	c2s	SET_TENSOR	8497
15867.214345	c2s	SET_TENSOR	2359601
15867.220809	c2s	SET_TENSOR	1179953
15867.227371	c2s	SET_TENSOR	1720625
15867.240183	c2s	SET_TENSOR	2359601
15867.240283	c2s	SET_TENSOR	817
15867.240292	c2s	SET_TENSOR	817
15867.240300	c2s	SET_TENSOR	8497
15867.265723	c2s	SET_TENSOR	7078193
15867.310344	c2s	SET_TENSOR	10322225
15867.339465	c2s	SET_TENSOR	7078193
15867.339554	c2s	SET_TENSOR	8497
15867.347480	c2s	SET_TENSOR	2359601
15867.353519	c2s	SET_TENSOR	1179953
15867.361532	c2s	SET_TENSOR	1179953
15867.368548	c2s	SET_TENSOR	2359601
15867.368651	c2s	SET_TENSOR	817
15867.368663	c2s	SET_TENSOR	817
15867.368671	c2s	SET_TENSOR	8497
15867.397514	c2s	SET_TENSOR	7078193
15867.421892	c2s	SET_TENSOR	7078193
15867.453507	c2s	SET_TENSOR	7078193
15867.453597	c2s	SET_TENSOR	8497
15867.465064	c2s	SET_TENSOR	2359601
15867.466352	c2s	SET_TENSOR	1179953
15867.477190	c2s	SET_TENSOR	1179953
15867.483956	c2s	SET_TENSOR	2359601
15867.484046	c2s	SET_TENSOR	817
15867.484055	c2s	SET_TENSOR	817
15867.484061	c2s	SET_TENSOR	8497
15867.516290	c2s	SET_TENSOR	7078193
15867.539803	c2s	SET_TENSOR	7078193
15867.572288	c2s	SET_TENSOR	7078193
15867.572371	c2s	SET_TENSOR	8497
15867.585285	c2s	SET_TENSOR	2359601
15867.586342	c2s	SET_TENSOR	1179953
15867.599476	c2s	SET_TENSOR	1720625
15867.605543	c2s	SET_TENSOR	2359601
15867.605590	c2s	SET_TENSOR	817
15867.605599	c2s	SET_TENSOR	817
15867.605607	c2s	SET_TENSOR	8497
15867.637497	c2s	SET_TENSOR	7078193
15867.680737	c2s	SET_TENSOR	10322225
15867.712631	c2s	SET_TENSOR	7078193
15867.712880	c2s	SET_TENSOR	8497
15867.716863	c2s	SET_TENSOR	2359601
15867.722475	c2s	SET_TENSOR	1179953
15867.728737	c2s	SET_TENSOR	1179953
15867.735351	c2s	SET_TENSOR	2359601
15867.735393	c2s	SET_TENSOR	817
15867.735403	c2s	SET_TENSOR	817
15867.735409	c2s	SET_TENSOR	8497
15867.764226	c2s	SET_TENSOR	7078193
15867.790239	c2s	SET_TENSOR	7078193
15867.820656	c2s	SET_TENSOR	7078193
15867.820784	c2s	SET_TENSOR	8497
15867.829817	c2s	SET_TENSOR	2359601
15867.831168	c2s	SET_TENSOR	1179953
15867.837986	c2s	SET_TENSOR	1179953
15867.845289	c2s	SET_TENSOR	2359601
15867.845328	c2s	SET_TENSOR	817
15867.845337	c2s	SET_TENSOR	817
15867.845345	c2s	SET_TENSOR	8497
15867.872336	c2s	SET_TENSOR	7078193
15867.900785	c2s	SET_TENSOR	7078193
15867.931198	c2s	SET_TENSOR	7078193
15867.931289	c2s	SET_TENSOR	8497
15867.938435	c2s	SET_TENSOR	2359601
15867.943507	c2s	SET_TENSOR	1179953
15867.951529	c2s	SET_TENSOR	1720625
15867.958374	c2s	SET_TENSOR	2359601
15867.958446	c2s	SET_TENSOR	817
15867.958454	c2s	SET_TENSOR	817
15867.958461	c2s	SET_TENSOR	8497
15867.986719	c2s	SET_TENSOR	7078193
15868.029321	c2s	SET_TENSOR	10322225
15868.054363	c2s	SET_TENSOR	7078193
15868.054437	c2s	SET_TENSOR	8497
15868.062430	c2s	SET_TENSOR	2359601
15868.068766	c2s	SET_TENSOR	1179953
15868.071574	c2s	SET_TENSOR	1720625
15868.078600	c2s	SET_TENSOR	2359601
15868.078692	c2s	SET_TENSOR	817
15868.078700	c2s	SET_TENSOR	817
15868.078707	c2s	SET_TENSOR	8497
15868.103671	c2s	SET_TENSOR	7078193
15868.152577	c2s	SET_TENSOR	10322225
15868.182337	c2s	SET_TENSOR	7078193
15868.182452	c2s	SET_TENSOR	8497
15868.188238	c2s	SET_TENSOR	2359601
15868.195029	c2s	SET_TENSOR	1179953
15868.206664	c2s	SET_TENSOR	1720625
15868.214052	c2s	SET_TENSOR	2359601
15868.214106	c2s	SET_TENSOR	817
15868.214115	c2s	SET_TENSOR	817
15868.214122	c2s	SET_TENSOR	8497
15868.240995	c2s	SET_TENSOR	7078193
15868.286407	c2s	SET_TENSOR	10322225
15868.314955	c2s	SET_TENSOR	7078193
15868.315075	c2s	SET_TENSOR	8497
15868.323519	c2s	SET_TENSOR	2359601
15868.328682	c2s	SET_TENSOR	1179953
15868.335383	c2s	SET_TENSOR	1720625
15868.342702	c2s	SET_TENSOR	2359601
15868.342794	c2s	SET_TENSOR	817
15868.342804	c2s	SET_TENSOR	817
15868.342811	c2s	SET_TENSOR	8497
15868.364949	c2s	SET_TENSOR	7078193
15868.403898	c2s	SET_TENSOR	10322225
15868.425172	c2s	SET_TENSOR	7078193
15868.425270	c2s	SET_TENSOR	8497
15868.434278	c2s	SET_TENSOR	2359601
15868.442371	c2s	SET_TENSOR	1179953
15868.444076	c2s	SET_TENSOR	1720625
15868.456996	c2s	SET_TENSOR	2359601
15868.457228	c2s	SET_TENSOR	817
15868.457242	c2s	SET_TENSOR	817
15868.457252	c2s	SET_TENSOR	8497
15868.478771	c2s	SET_TENSOR	7078193
15868.521348	c2s	SET_TENSOR	10322225
15868.551424	c2s	SET_TENSOR	7078193
15868.574262	c2s	ALLOC_BUFFER	12
15868.584548	s2c	bytes	24
15868.584659	c2s	BUFFER_GET_BASE	8
15868.584969	s2c	bytes	16
15868.585064	c2s	BUFFER_CLEAR	9
15868.589561	c2s	ALLOC_BUFFER	12
15868.596173	s2c	bytes	24
15868.597353	c2s	GET_ALLOC_SIZE	3260
15868.597685	s2c	bytes	16
15868.597780	c2s	GET_ALLOC_SIZE	3260
15868.598043	s2c	bytes	16
15868.598137	c2s	GET_ALLOC_SIZE	3260
15868.598417	s2c	bytes	16
15868.598511	c2s	GET_ALLOC_SIZE	3260
15868.598796	s2c	bytes	16
15868.601673	c2s	GET_ALLOC_SIZE	3260
15868.602107	s2c	bytes	16
15868.602207	c2s	GET_ALLOC_SIZE	3260
15868.602492	s2c	bytes	16
15868.602598	c2s	GET_ALLOC_SIZE	3260
15868.602882	s2c	bytes	16
15868.602975	c2s	GET_ALLOC_SIZE	3260
15868.603271	s2c	bytes	16
15868.603525	c2s	BUFFER_GET_BASE	8
15868.603824	s2c	bytes	16
15868.615622	c2s	SET_TENSOR	16689
15868.615669	c2s	SET_TENSOR	16689
15868.615746	c2s	SET_TENSOR	313
15868.615768	c2s	SET_TENSOR	321
15868.615826	c2s	SET_TENSOR	321
15868.615862	c2s	SET_TENSOR	1329
15868.615893	c2s	SET_TENSOR	309
15868.616721	c2s	GRAPH_COMPUTE	192244
15868.617263	c2s	GET_TENSOR	312
15868.639203	s2c	bytes	8200
15868.646413	c2s	BUFFER_CLEAR	9
15868.651355	c2s	GET_ALLOC_SIZE	3260
15868.651653	s2c	bytes	16
15868.651827	c2s	GET_ALLOC_SIZE	3260
15868.652174	s2c	bytes	16
15868.652346	c2s	GET_ALLOC_SIZE	3260
15868.652741	s2c	bytes	16
15868.652849	c2s	GET_ALLOC_SIZE	3260
15868.653234	s2c	bytes	16
15868.681010	c2s	SET_TENSOR	41265
15868.681080	c2s	SET_TENSOR	41265
15868.681240	c2s	SET_TENSOR	325
15868.681537	c2s	SET_TENSOR	345
15868.681762	c2s	SET_TENSOR	345
15868.681775	c2s	SET_TENSOR	2865
15868.681913	c2s	SET_TENSOR	309
15868.682393	c2s	GRAPH_COMPUTE	192244
15868.682828	c2s	GET_TENSOR	312
15868.706038	s2c	bytes	8200
15868.721246	c2s	SET_TENSOR	8497
15868.721586	c2s	SET_TENSOR	8497
15868.721804	c2s	SET_TENSOR	309
15868.721940	c2s	SET_TENSOR	313
15868.722064	c2s	SET_TENSOR	313
15868.722179	c2s	SET_TENSOR	817
15868.722292	c2s	SET_TENSOR	309
15868.722946	c2s	GRAPH_COMPUTE	192244
15868.723035	c2s	GET_TENSOR	312
15868.735743	s2c	bytes	8200
15868.751123	c2s	SET_TENSOR	8497
15868.751177	c2s	SET_TENSOR	8497
15868.751211	c2s	SET_TENSOR	309
15868.751225	c2s	SET_TENSOR	313
15868.751445	c2s	SET_TENSOR	313
15868.751479	c2s	SET_TENSOR	817
15868.751514	c2s	SET_TENSOR	309
15868.751544	c2s	GRAPH_RECOMPUTE	4
15868.751577	c2s	GET_TENSOR	312
15868.762916	s2c	bytes	8200
15868.778797	c2s	SET_TENSOR	8497
15868.778848	c2s	SET_TENSOR	8497
15868.778856	c2s	SET_TENSOR	309
15868.778886	c2s	SET_TENSOR	313
15868.779118	c2s	SET_TENSOR	313
15868.779130	c2s	SET_TENSOR	817
15868.779158	c2s	SET_TENSOR	309
15868.779187	c2s	GRAPH_RECOMPUTE	4
15868.779221	c2s	GET_TENSOR	312
15868.791112	s2c	bytes	8200
15868.806656	c2s	SET_TENSOR	8497
15868.806737	c2s	SET_TENSOR	8497
15868.806749	c2s	SET_TENSOR	309
15868.807028	c2s	SET_TENSOR	313
15868.807040	c2s	SET_TENSOR	313
15868.807047	c2s	SET_TENSOR	817
15868.807171	c2s	SET_TENSOR	309
15868.807313	c2s	GRAPH_RECOMPUTE	4
15868.807429	c2s	GET_TENSOR	312
15868.819383	s2c	bytes	8
15868.819475	s2c	bytes	8192
15868.835593	c2s	SET_TENSOR	8497
15868.835650	c2s	SET_TENSOR	8497
15868.835690	c2s	SET_TENSOR	309
15868.835781	c2s	SET_TENSOR	313
15868.835835	c2s	SET_TENSOR	313
15868.836148	c2s	SET_TENSOR	817
15868.836198	c2s	SET_TENSOR	309
15868.836235	c2s	GRAPH_RECOMPUTE	4
15868.836249	c2s	GET_TENSOR	312
15868.848931	s2c	bytes	8200
15868.865606	c2s	SET_TENSOR	8497
15868.865696	c2s	SET_TENSOR	8497
15868.865708	c2s	SET_TENSOR	309
15868.865716	c2s	SET_TENSOR	313
15868.865746	c2s	SET_TENSOR	313
15868.865777	c2s	SET_TENSOR	817
15868.866269	c2s	SET_TENSOR	309
15868.866284	c2s	GRAPH_RECOMPUTE	4
15868.866294	c2s	GET_TENSOR	312
15868.878352	s2c	bytes	8200
15868.894045	c2s	SET_TENSOR	8497
15868.894103	c2s	SET_TENSOR	8497
15868.894112	c2s	SET_TENSOR	309
15868.894146	c2s	SET_TENSOR	313
15868.894156	c2s	SET_TENSOR	313
15868.894164	c2s	SET_TENSOR	817
15868.894196	c2s	SET_TENSOR	309
15868.894207	c2s	GRAPH_RECOMPUTE	4
15868.894247	c2s	GET_TENSOR	312
15868.907453	s2c	bytes	8200
15868.931314	c2s	SET_TENSOR	8497
15868.931607	c2s	SET_TENSOR	8497
15868.931818	c2s	SET_TENSOR	309
15868.931989	c2s	SET_TENSOR	313
15868.932192	c2s	SET_TENSOR	313
15868.932343	c2s	SET_TENSOR	817
15868.932577	c2s	SET_TENSOR	309
15868.932788	c2s	GRAPH_RECOMPUTE	4
15868.932938	c2s	GET_TENSOR	312
15868.946840	s2c	bytes	8200
15868.971153	c2s	SET_TENSOR	8497
15868.971510	c2s	SET_TENSOR	8497
15868.971902	c2s	SET_TENSOR	309
15868.972118	c2s	SET_TENSOR	313
15868.972160	c2s	SET_TENSOR	313
15868.972361	c2s	SET_TENSOR	817
15868.972529	c2s	SET_TENSOR	309
15868.972642	c2s	GRAPH_RECOMPUTE	4
15868.972783	c2s	GET_TENSOR	312
15868.986238	s2c	bytes	8
15868.986324	s2c	bytes	8192
15869.003570	c2s	SET_TENSOR	8497
15869.003620	c2s	SET_TENSOR	8497
15869.003630	c2s	SET_TENSOR	309
15869.003661	c2s	SET_TENSOR	313
15869.003882	c2s	SET_TENSOR	313
15869.003952	c2s	SET_TENSOR	817
15869.003996	c2s	SET_TENSOR	309
15869.004041	c2s	GRAPH_RECOMPUTE	4
15869.004072	c2s	GET_TENSOR	312
15869.016935	s2c	bytes	8200
15869.034624	c2s	SET_TENSOR	8497
15869.034676	c2s	SET_TENSOR	8497
15869.034708	c2s	SET_TENSOR	309
15869.034719	c2s	SET_TENSOR	313
15869.034936	c2s	SET_TENSOR	313
15869.035011	c2s	SET_TENSOR	817
15869.035054	c2s	SET_TENSOR	309
15869.035096	c2s	GRAPH_RECOMPUTE	4
15869.035254	c2s	GET_TENSOR	312
15869.047545	s2c	bytes	8200
15869.069557	c2s	SET_TENSOR	8497
15869.069607	c2s	SET_TENSOR	8497
15869.069616	c2s	SET_TENSOR	309
15869.069651	c2s	SET_TENSOR	313
15869.069912	c2s	SET_TENSOR	313
15869.070065	c2s	SET_TENSOR	817
15869.070118	c2s	SET_TENSOR	309
15869.070193	c2s	GRAPH_RECOMPUTE	4
15869.070270	c2s	GET_TENSOR	312
15869.082368	s2c	bytes	8200
15869.100118	c2s	SET_TENSOR	8497
15869.100493	c2s	SET_TENSOR	8497
15869.100704	c2s	SET_TENSOR	309
15869.101043	c2s	SET_TENSOR	313
15869.101058	c2s	SET_TENSOR	313
15869.101180	c2s	SET_TENSOR	817
15869.101230	c2s	SET_TENSOR	309
15869.101469	c2s	GRAPH_RECOMPUTE	4
15869.101484	c2s	GET_TENSOR	312
15869.114012	s2c	bytes	8200
15869.132739	c2s	SET_TENSOR	8497
15869.133209	c2s	SET_TENSOR	8497
15869.133576	c2s	SET_TENSOR	309
15869.133592	c2s	SET_TENSOR	313
15869.133762	c2s	SET_TENSOR	313
15869.133801	c2s	SET_TENSOR	817
15869.133828	c2s	SET_TENSOR	309
15869.134165	c2s	GRAPH_RECOMPUTE	4
15869.134181	c2s	GET_TENSOR	312
15869.146452	s2c	bytes	8200
15869.164018	c2s	SET_TENSOR	8497
15869.164462	c2s	SET_TENSOR	8497
15869.164809	c2s	SET_TENSOR	309
15869.165010	c2s	SET_TENSOR	313
15869.165329	c2s	SET_TENSOR	313
15869.165534	c2s	SET_TENSOR	817
15869.165862	c2s	SET_TENSOR	309
15869.166022	c2s	GRAPH_RECOMPUTE	4
15869.166036	c2s	GET_TENSOR	312
15869.178243	s2c	bytes	8
15869.178291	s2c	bytes	8192
15869.198266	c2s	SET_TENSOR	8497
15869.198679	c2s	SET_TENSOR	8497
15869.198888	c2s	SET_TENSOR	309
15869.198970	c2s	SET_TENSOR	313
15869.199020	c2s	SET_TENSOR	313
15869.199032	c2s	SET_TENSOR	817
15869.199041	c2s	SET_TENSOR	309
15869.199049	c2s	GRAPH_RECOMPUTE	4
15869.199058	c2s	GET_TENSOR	312
15869.211484	s2c	bytes	8200
15869.229940	c2s	SET_TENSOR	8497
15869.230443	c2s	SET_TENSOR	8497
15869.230670	c2s	SET_TENSOR	309
15869.230738	c2s	SET_TENSOR	313
15869.230764	c2s	SET_TENSOR	313
15869.230945	c2s	SET_TENSOR	817
15869.231190	c2s	SET_TENSOR	309
15869.231205	c2s	GRAPH_RECOMPUTE	4
15869.231235	c2s	GET_TENSOR	312
15869.244112	s2c	bytes	8200
15869.262986	c2s	SET_TENSOR	8497
15869.263543	c2s	SET_TENSOR	8497
15869.263782	c2s	SET_TENSOR	309
15869.263795	c2s	SET_TENSOR	313
15869.263805	c2s	SET_TENSOR	313
15869.264119	c2s	SET_TENSOR	817
15869.264162	c2s	SET_TENSOR	309
15869.264430	c2s	GRAPH_RECOMPUTE	4
15869.264473	c2s	GET_TENSOR	312
15869.277116	s2c	bytes	8
15869.277279	s2c	bytes	8192
15869.296658	c2s	SET_TENSOR	8497
15869.296966	c2s	SET_TENSOR	8497
15869.297183	c2s	SET_TENSOR	309
15869.297460	c2s	SET_TENSOR	313
15869.297685	c2s	SET_TENSOR	313
15869.297861	c2s	SET_TENSOR	817
15869.297975	c2s	SET_TENSOR	309
15869.298077	c2s	GRAPH_RECOMPUTE	4
15869.298157	c2s	GET_TENSOR	312
15869.310455	s2c	bytes	8200
15869.331617	c2s	SET_TENSOR	8497
15869.331934	c2s	SET_TENSOR	8497
15869.331950	c2s	SET_TENSOR	309
15869.331960	c2s	SET_TENSOR	313
15869.332120	c2s	SET_TENSOR	313
15869.332215	c2s	SET_TENSOR	817
15869.332376	c2s	SET_TENSOR	309
15869.332390	c2s	GRAPH_RECOMPUTE	4
15869.332435	c2s	GET_TENSOR	312
15869.345182	s2c	bytes	8200
15869.362177	c2s	SET_TENSOR	8497
15869.362228	c2s	SET_TENSOR	8497
15869.362292	c2s	SET_TENSOR	309
15869.362302	c2s	SET_TENSOR	313
15869.362898	c2s	SET_TENSOR	313
15869.362909	c2s	SET_TENSOR	817
15869.362917	c2s	SET_TENSOR	309
15869.362925	c2s	GRAPH_RECOMPUTE	4
15869.362933	c2s	GET_TENSOR	312
15869.375089	s2c	bytes	8
15869.379073	s2c	bytes	8192
15869.394421	c2s	SET_TENSOR	8497
15869.394480	c2s	SET_TENSOR	8497
15869.394489	c2s	SET_TENSOR	309
15869.394902	c2s	SET_TENSOR	313
15869.394916	c2s	SET_TENSOR	313
15869.394924	c2s	SET_TENSOR	817
15869.394931	c2s	SET_TENSOR	309
15869.394938	c2s	GRAPH_RECOMPUTE	4
15869.394963	c2s	GET_TENSOR	312
15869.407509	s2c	bytes	8200
15869.424588	c2s	SET_TENSOR	8497
15869.424950	c2s	SET_TENSOR	8497
15869.425045	c2s	SET_TENSOR	309
15869.425125	c2s	SET_TENSOR	313
15869.425212	c2s	SET_TENSOR	313
15869.425281	c2s	SET_TENSOR	817
15869.425376	c2s	SET_TENSOR	309
15869.425403	c2s	GRAPH_RECOMPUTE	4
15869.425574	c2s	GET_TENSOR	312
15869.438305	s2c	bytes	8200
15869.456558	c2s	SET_TENSOR	8497
15869.456968	c2s	SET_TENSOR	8497
15869.457507	c2s	SET_TENSOR	309
15869.457550	c2s	SET_TENSOR	313
15869.457671	c2s	SET_TENSOR	313
15869.457705	c2s	SET_TENSOR	817
15869.457896	c2s	SET_TENSOR	309
15869.458099	c2s	GRAPH_RECOMPUTE	4
15869.458113	c2s	GET_TENSOR	312
15869.470427	s2c	bytes	8200
15869.488520	c2s	SET_TENSOR	8497
15869.488579	c2s	SET_TENSOR	8497
15869.488588	c2s	SET_TENSOR	309
15869.488638	c2s	SET_TENSOR	313
15869.488649	c2s	SET_TENSOR	313
15869.488656	c2s	SET_TENSOR	817
15869.488664	c2s	SET_TENSOR	309
15869.488694	c2s	GRAPH_RECOMPUTE	4
15869.488705	c2s	GET_TENSOR	312
15869.501879	s2c	bytes	8200
15869.523901	c2s	SET_TENSOR	8497
15869.523966	c2s	SET_TENSOR	8497
15869.524036	c2s	SET_TENSOR	309
15869.524051	c2s	SET_TENSOR	313
15869.524092	c2s	SET_TENSOR	313
15869.524595	c2s	SET_TENSOR	817
15869.524614	c2s	SET_TENSOR	309
15869.524627	c2s	GRAPH_RECOMPUTE	4
15869.524638	c2s	GET_TENSOR	312
15869.536893	s2c	bytes	8200
15869.554190	c2s	SET_TENSOR	8497
15869.554697	c2s	SET_TENSOR	8497
15869.554759	c2s	SET_TENSOR	309
15869.554817	c2s	SET_TENSOR	313
15869.555147	c2s	SET_TENSOR	313
15869.555166	c2s	SET_TENSOR	817
15869.555363	c2s	SET_TENSOR	309
15869.555380	c2s	GRAPH_RECOMPUTE	4
15869.555392	c2s	GET_TENSOR	312
15869.567549	s2c	bytes	8200
15869.588256	c2s	SET_TENSOR	8497
15869.588722	c2s	SET_TENSOR	8497
15869.588936	c2s	SET_TENSOR	309
15869.589424	c2s	SET_TENSOR	313
15869.589440	c2s	SET_TENSOR	313
15869.589475	c2s	SET_TENSOR	817
15869.589486	c2s	SET_TENSOR	309
15869.589740	c2s	GRAPH_RECOMPUTE	4
15869.589779	c2s	GET_TENSOR	312
15869.602075	s2c	bytes	8200
15869.619905	c2s	SET_TENSOR	8497
15869.620476	c2s	SET_TENSOR	8497
15869.620627	c2s	SET_TENSOR	309
15869.620641	c2s	SET_TENSOR	313
15869.620651	c2s	SET_TENSOR	313
15869.620660	c2s	SET_TENSOR	817
15869.620691	c2s	SET_TENSOR	309
15869.620702	c2s	GRAPH_RECOMPUTE	4
15869.620711	c2s	GET_TENSOR	312
15869.633536	s2c	bytes	8200
15869.656259	c2s	SET_TENSOR	8497
15869.656673	c2s	SET_TENSOR	8497
15869.656967	c2s	SET_TENSOR	309
15869.656980	c2s	SET_TENSOR	313
15869.657022	c2s	SET_TENSOR	313
15869.657242	c2s	SET_TENSOR	817
15869.657410	c2s	SET_TENSOR	309
15869.657504	c2s	GRAPH_RECOMPUTE	4
15869.657539	c2s	GET_TENSOR	312
15869.669819	s2c	bytes	8
15869.669874	s2c	bytes	8192
15869.693022	c2s	SET_TENSOR	8497
15869.693116	c2s	SET_TENSOR	8497
15869.693339	c2s	SET_TENSOR	309
15869.693404	c2s	SET_TENSOR	313
15869.693471	c2s	SET_TENSOR	313
15869.693552	c2s	SET_TENSOR	817
15869.693622	c2s	SET_TENSOR	309
15869.693771	c2s	GRAPH_RECOMPUTE	4
15869.693833	c2s	GET_TENSOR	312
15869.707345	s2c	bytes	8
15869.707530	s2c	bytes	8192
15869.729702	c2s	SET_TENSOR	8497
15869.729778	c2s	SET_TENSOR	8497
15869.729994	c2s	SET_TENSOR	309
15869.730105	c2s	SET_TENSOR	313
15869.730189	c2s	SET_TENSOR	313
15869.730263	c2s	SET_TENSOR	817
15869.730424	c2s	SET_TENSOR	309
15869.730465	c2s	GRAPH_RECOMPUTE	4
15869.730566	c2s	GET_TENSOR	312
15869.743197	s2c	bytes	8200
15869.761718	c2s	SET_TENSOR	8497
15869.761794	c2s	SET_TENSOR	8497
15869.762075	c2s	SET_TENSOR	309
15869.762102	c2s	SET_TENSOR	313
15869.762217	c2s	SET_TENSOR	313
15869.762387	c2s	SET_TENSOR	817
15869.762505	c2s	SET_TENSOR	309
15869.762588	c2s	GRAPH_RECOMPUTE	4
15869.762698	c2s	GET_TENSOR	312
15869.774975	s2c	bytes	8
15869.775175	s2c	bytes	8192
15869.798361	c2s	SET_TENSOR	8497
15869.798963	c2s	SET_TENSOR	8497
15869.799019	c2s	SET_TENSOR	309
15869.799032	c2s	SET_TENSOR	313
15869.799041	c2s	SET_TENSOR	313
15869.799319	c2s	SET_TENSOR	817
15869.799353	c2s	SET_TENSOR	309
15869.799364	c2s	GRAPH_RECOMPUTE	4
15869.799651	c2s	GET_TENSOR	312
15869.811846	s2c	bytes	8200
15869.827283	c2s	SET_TENSOR	8497
15869.827385	c2s	SET_TENSOR	8497
15869.827899	c2s	SET_TENSOR	309
15869.828016	c2s	SET_TENSOR	313
15869.828029	c2s	SET_TENSOR	313
15869.828037	c2s	SET_TENSOR	817
15869.828245	c2s	SET_TENSOR	309
15869.828435	c2s	GRAPH_RECOMPUTE	4
15869.828601	c2s	GET_TENSOR	312
15869.840600	s2c	bytes	8200
15869.856668	c2s	SET_TENSOR	8497
15869.857337	c2s	SET_TENSOR	8497
15869.857473	c2s	SET_TENSOR	309
15869.857488	c2s	SET_TENSOR	313
15869.857498	c2s	SET_TENSOR	313
15869.857507	c2s	SET_TENSOR	817
15869.857518	c2s	SET_TENSOR	309
15869.857561	c2s	GRAPH_RECOMPUTE	4
15869.857575	c2s	GET_TENSOR	312
15869.872686	s2c	bytes	8200
15869.890837	c2s	SET_TENSOR	8497
15869.891359	c2s	SET_TENSOR	8497
15869.891557	c2s	SET_TENSOR	309
15869.891605	c2s	SET_TENSOR	313
15869.892012	c2s	SET_TENSOR	313
15869.892030	c2s	SET_TENSOR	817
15869.892170	c2s	SET_TENSOR	309
15869.892186	c2s	GRAPH_RECOMPUTE	4
15869.892406	c2s	GET_TENSOR	312
15869.904556	s2c	bytes	8
15869.904678	s2c	bytes	8192
15869.926212	c2s	SET_TENSOR	8497
15869.926288	c2s	SET_TENSOR	8497
15869.926892	c2s	SET_TENSOR	309
15869.927050	c2s	SET_TENSOR	313
15869.927059	c2s	SET_TENSOR	313
15869.927066	c2s	SET_TENSOR	817
15869.927073	c2s	SET_TENSOR	309
15869.927079	c2s	GRAPH_RECOMPUTE	4
15869.927159	c2s	GET_TENSOR	312
15869.939429	s2c	bytes	8200
15869.955976	c2s	SET_TENSOR	8497
15869.956090	c2s	SET_TENSOR	8497
15869.956324	c2s	SET_TENSOR	309
15869.956389	c2s	SET_TENSOR	313
15869.956457	c2s	SET_TENSOR	313
15869.956521	c2s	SET_TENSOR	817
15869.956661	c2s	SET_TENSOR	309
15869.956798	c2s	GRAPH_RECOMPUTE	4
15869.956839	c2s	GET_TENSOR	312
15869.969042	s2c	bytes	8200
15869.984927	c2s	SET_TENSOR	8497
15869.984977	c2s	SET_TENSOR	8497
15869.985032	c2s	SET_TENSOR	309
15869.985257	c2s	SET_TENSOR	313
15869.985297	c2s	SET_TENSOR	313
15869.985323	c2s	SET_TENSOR	817
15869.985371	c2s	SET_TENSOR	309
15869.985396	c2s	GRAPH_RECOMPUTE	4
15869.985570	c2s	GET_TENSOR	312
15869.998070	s2c	bytes	8200
15870.017592	c2s	SET_TENSOR	8497
15870.017662	c2s	SET_TENSOR	8497
15870.017849	c2s	SET_TENSOR	309
15870.017917	c2s	SET_TENSOR	313
15870.017974	c2s	SET_TENSOR	313
15870.018042	c2s	SET_TENSOR	817
15870.018282	c2s	SET_TENSOR	309
15870.018320	c2s	GRAPH_RECOMPUTE	4
15870.018472	c2s	GET_TENSOR	312
15870.030824	s2c	bytes	8
15870.030900	s2c	bytes	8192
15870.054153	c2s	SET_TENSOR	8497
15870.054432	c2s	SET_TENSOR	8497
15870.054493	c2s	SET_TENSOR	309
15870.054587	c2s	SET_TENSOR	313
15870.054649	c2s	SET_TENSOR	313
15870.054855	c2s	SET_TENSOR	817
15870.054929	c2s	SET_TENSOR	309
15870.055125	c2s	GRAPH_RECOMPUTE	4
15870.055179	c2s	GET_TENSOR	312
15870.067787	s2c	bytes	8200
15870.092054	c2s	SET_TENSOR	8497
15870.092316	c2s	SET_TENSOR	8497
15870.092370	c2s	SET_TENSOR	309
15870.092421	c2s	SET_TENSOR	313
15870.092479	c2s	SET_TENSOR	313
15870.092530	c2s	SET_TENSOR	817
15870.092716	c2s	SET_TENSOR	309
15870.092858	c2s	GRAPH_RECOMPUTE	4
15870.092984	c2s	GET_TENSOR	312
15870.105442	s2c	bytes	8200
15870.121710	c2s	SET_TENSOR	8497
15870.121931	c2s	SET_TENSOR	8497
15870.122196	c2s	SET_TENSOR	309
15870.122392	c2s	SET_TENSOR	313
15870.122561	c2s	SET_TENSOR	313
15870.122894	c2s	SET_TENSOR	817
15870.122933	c2s	SET_TENSOR	309
15870.122946	c2s	GRAPH_RECOMPUTE	4
15870.123108	c2s	GET_TENSOR	312
15870.135397	s2c	bytes	8200
15870.156435	c2s	SET_TENSOR	8497
15870.156718	c2s	SET_TENSOR	8497
15870.156958	c2s	SET_TENSOR	309
15870.157169	c2s	SET_TENSOR	313
15870.157246	c2s	SET_TENSOR	313
15870.157257	c2s	SET_TENSOR	817
15870.157407	c2s	SET_TENSOR	309
15870.157419	c2s	GRAPH_RECOMPUTE	4
15870.157516	c2s	GET_TENSOR	312
15870.169770	s2c	bytes	8200
15870.187444	c2s	SET_TENSOR	8497
15870.187708	c2s	SET_TENSOR	8497
15870.187891	c2s	SET_TENSOR	309
15870.188063	c2s	SET_TENSOR	313
15870.188284	c2s	SET_TENSOR	313
15870.188393	c2s	SET_TENSOR	817
15870.188407	c2s	SET_TENSOR	309
15870.188464	c2s	GRAPH_RECOMPUTE	4
15870.188497	c2s	GET_TENSOR	312
15870.200571	s2c	bytes	8200
15870.219729	c2s	SET_TENSOR	8497
15870.220084	c2s	SET_TENSOR	8497
15870.220271	c2s	SET_TENSOR	309
15870.220429	c2s	SET_TENSOR	313
15870.220551	c2s	SET_TENSOR	313
15870.220682	c2s	SET_TENSOR	817
15870.220803	c2s	SET_TENSOR	309
15870.220949	c2s	GRAPH_RECOMPUTE	4
15870.220978	c2s	GET_TENSOR	312
15870.233575	s2c	bytes	8200
15870.239381	c2s	GET_DEVICE_MEMORY	4
15870.239987	s2c	bytes	8
15870.240052	s2c	bytes	16
15870.240373	c2s	FREE_BUFFER	8
15870.247032	c2s	FREE_BUFFER	8
15870.266227	c2s	FREE_BUFFER	8
