16755.841264	conn	open	0
16755.842062	c2s	HELLO	24
16755.844097	s2c	bytes	36
16755.844185	c2s	DEVICE_COUNT	0
16755.844525	s2c	bytes	12
16755.846125	conn	open	0
16755.846252	c2s	HELLO	24
16755.849175	s2c	bytes	36
16755.849275	c2s	GET_ALIGNMENT	4
16755.850501	s2c	bytes	16
16755.851837	c2s	GET_MAX_SIZE	4
16755.852229	s2c	bytes	16
16755.902372	conn	open	0
16755.902618	c2s	HELLO	24
16755.904604	s2c	bytes	36
16755.904726	c2s	GET_DEVICE_MEMORY	4
16755.904953	s2c	bytes	24
16756.001805	conn	open	0
16756.002038	c2s	HELLO	24
16756.003745	s2c	bytes	36
16756.003797	c2s	GET_DEVICE_MEMORY	4
16756.004133	s2c	bytes	24
16756.004353	conn	open	0
16756.004511	c2s	HELLO	24
16756.005793	s2c	bytes	36
16756.005861	c2s	GET_DEVICE_MEMORY	4
16756.006250	s2c	bytes	24
16756.008126	conn	open	0
16756.008316	c2s	HELLO	24
16756.009288	s2c	bytes	36
16756.009336	c2s	GET_DEVICE_MEMORY	4
16756.009581	s2c	bytes	8
16756.009631	s2c	bytes	16
16756.010766	conn	open	0
16756.010878	c2s	HELLO	24
16756.011976	s2c	bytes	36
16756.013706	c2s	GET_ALLOC_SIZE	3260
16756.014281	s2c	bytes	16
16756.014373	c2s	GET_ALLOC_SIZE	3260
16756.014636	s2c	bytes	16
16756.014673	c2s	GET_ALLOC_SIZE	3260
16756.015246	s2c	bytes	16
16756.015291	c2s	GET_ALLOC_SIZE	3260
16756.015636	s2c	bytes	16
16756.016499	c2s	GET_DEVICE_MEMORY	4
16756.016896	s2c	bytes	24
16756.016948	c2s	GET_DEVICE_MEMORY	4
16756.017700	s2c	bytes	24
16756.066927	conn	open	0
16756.067082	c2s	HELLO	24
16756.068955	s2c	bytes	36
16756.069016	c2s	GET_DEVICE_MEMORY	4
16756.069364	s2c	bytes	24
16756.162444	conn	open	0
16756.162574	c2s	HELLO	24
16756.164815	s2c	bytes	36
16756.164889	c2s	GET_DEVICE_MEMORY	4
16756.165293	s2c	bytes	24
16756.165448	conn	open	0
16756.165570	c2s	HELLO	24
16756.167526	s2c	bytes	36
16756.167594	c2s	GET_DEVICE_MEMORY	4
16756.167997	s2c	bytes	24
16756.168073	conn	open	0
16756.168137	c2s	HELLO	24
16756.169872	s2c	bytes	36
16756.169918	c2s	GET_DEVICE_MEMORY	4
16756.170240	s2c	bytes	24
16756.186387	conn	open	0
16756.186460	c2s	HELLO	24
16756.189571	s2c	bytes	36
16756.189653	c2s	GET_DEVICE_MEMORY	4
16756.190109	s2c	bytes	24
16756.190227	conn	open	0
16756.190431	c2s	HELLO	24
16756.191552	s2c	bytes	36
16756.191615	c2s	ALLOC_BUFFER	12
16756.260655	s2c	bytes	24
16756.260777	c2s	BUFFER_GET_BASE	8
16756.261839	s2c	bytes	16
16756.467391	c2s	SET_TENSOR	8497
16756.467456	c2s	SET_TENSOR	8497
16756.472267	c2s	SET_TENSOR	2359601
16756.473459	c2s	SET_TENSOR	1179953
16756.474167	c2s	SET_TENSOR	1179953
16756.475996	c2s	SET_TENSOR	2359601
16756.476005	c2s	SET_TENSOR	817
16756.476008	c2s	SET_TENSOR	817
16756.476014	c2s	SET_TENSOR	8497
16756.505171	c2s	SET_TENSOR	7078193
16756.545772	c2s	SET_TENSOR	7078193
16756.578111	c2s	SET_TENSOR	7078193
16756.578262	c2s	SET_TENSOR	8497
16756.586462	c2s	SET_TENSOR	2359601
16756.587454	c2s	SET_TENSOR	1179953
16756.593787	c2s	SET_TENSOR	1179953
16756.601243	c2s	SET_TENSOR	2359601
16756.601286	c2s	SET_TENSOR	817
16756.601296	c2s	SET_TENSOR	817
16756.601304	c2s	SET_TENSOR	8497
16756.629742	c2s	SET_TENSOR	7078193
16756.659841	c2s	SET_TENSOR	7078193
16756.685824	c2s	SET_TENSOR	7078193
16756.685966	c2s	SET_TENSOR	8497
16756.694154	c2s	SET_TENSOR	2359601
16756.695113	c2s	SET_TENSOR	1179953
16756.702557	c2s	SET_TENSOR	1720625
16756.711156	c2s	SET_TENSOR	2359601
16756.711225	c2s	SET_TENSOR	817
16756.711234	c2s	SET_TENSOR	817
16756.711241	c2s	SET_TENSOR	8497
16756.738610	c2s	SET_TENSOR	7078193
16756.775288	c2s	SET_TENSOR	10322225
16756.792755	c2s	SET_TENSOR	7078193
16756.792809	c2s	SET_TENSOR	8497
16756.807444	c2s	SET_TENSOR	2359601
16756.809589	c2s	SET_TENSOR	1179953
16756.815073	c2s	SET_TENSOR	1179953
16756.822837	c2s	SET_TENSOR	2359601
16756.822891	c2s	SET_TENSOR	817
16756.822902	c2s	SET_TENSOR	817
16756.822910	c2s	SET_TENSOR	8497
16756.855222	c2s	SET_TENSOR	7078193
16756.905212	c2s	SET_TENSOR	7078193
16756.924674	c2s	SET_TENSOR	7078193
16756.924695	c2s	SET_TENSOR	8497
16756.936809	c2s	SET_TENSOR	2359601
16756.943721	c2s	SET_TENSOR	1179953
16756.949970	c2s	SET_TENSOR	1179953
16756.955905	c2s	SET_TENSOR	2359601
16756.955961	c2s	SET_TENSOR	817
16756.955969	c2s	SET_TENSOR	817
16756.955976	c2s	SET_TENSOR	8497
16756.980705	c2s	SET_TENSOR	7078193
16757.012667	c2s	SET_TENSOR	7078193
16757.034593	c2s	SET_TENSOR	7078193
16757.034644	c2s	SET_TENSOR	8497
16757.046523	c2s	SET_TENSOR	2359601
16757.053113	c2s	SET_TENSOR	1179953
16757.058269	c2s	SET_TENSOR	1720625
16757.065236	c2s	SET_TENSOR	2359601
16757.065321	c2s	SET_TENSOR	817
16757.065329	c2s	SET_TENSOR	817
16757.065336	c2s	SET_TENSOR	8497
16757.093437	c2s	SET_TENSOR	7078193
16757.136857	c2s	SET_TENSOR	10322225
16757.162721	c2s	SET_TENSOR	7078193
16757.162789	c2s	SET_TENSOR	8497
16757.170371	c2s	SET_TENSOR	2359601
16757.171162	c2s	SET_TENSOR	1179953
16757.178586	c2s	SET_TENSOR	1179953
16757.191265	c2s	SET_TENSOR	2359601
16757.191339	c2s	SET_TENSOR	817
16757.191346	c2s	SET_TENSOR	817
16757.191352	c2s	SET_TENSOR	8497
16757.216361	c2s	SET_TENSOR	7078193
16757.240960	c2s	SET_TENSOR	7078193
16757.266399	c2s	SET_TENSOR	7078193
16757.266467	c2s	SET_TENSOR	8497
16757.274635	c2s	SET_TENSOR	2359601
16757.280319	c2s	SET_TENSOR	1179953
16757.285843	c2s	SET_TENSOR	1179953
16757.292037	c2s	SET_TENSOR	2359601
16757.292117	c2s	SET_TENSOR	817
16757.292125	c2s	SET_TENSOR	817
16757.292131	c2s	SET_TENSOR	8497
16757.320830	c2s	SET_TENSOR	7078193
16757.344150	c2s	SET_TENSOR	7078193
16757.373521	c2s	SET_TENSOR	7078193
16757.373593	c2s	SET_TENSOR	8497
16757.381087	c2s	SET_TENSOR	2359601
16757.386203	c2s	SET_TENSOR	1179953
16757.392440	c2s	SET_TENSOR	1720625
16757.397671	c2s	SET_TENSOR	2359601
16757.397721	c2s	SET_TENSOR	817
16757.397729	c2s	SET_TENSOR	817
16757.397735	c2s	SET_TENSOR	8497
16757.425687	c2s	SET_TENSOR	7078193
16757.468601	c2s	SET_TENSOR	10322225
16757.495773	c2s	SET_TENSOR	7078193
16757.495872	c2s	SET_TENSOR	8497
16757.502983	c2s	SET_TENSOR	2359601
16757.508971	c2s	SET_TENSOR	1179953
16757.515078	c2s	SET_TENSOR	1720625
16757.521151	c2s	SET_TENSOR	2359601
16757.521220	c2s	SET_TENSOR	817
16757.521228	c2s	SET_TENSOR	817
16757.521235	c2s	SET_TENSOR	8497
16757.547486	c2s	SET_TENSOR	7078193
16757.590398	c2s	SET_TENSOR	10322225
16757.625716	c2s	SET_TENSOR	7078193
16757.625772	c2s	SET_TENSOR	8497
16757.639113	c2s	SET_TENSOR	2359601
16757.644863	c2s	SET_TENSOR	1179953
16757.645850	c2s	SET_TENSOR	1720625
16757.657459	c2s	SET_TENSOR	2359601
16757.657556	c2s	SET_TENSOR	817
16757.657565	c2s	SET_TENSOR	817
16757.657571	c2s	SET_TENSOR	8497
16757.682963	c2s	SET_TENSOR	7078193
16757.724863	c2s	SET_TENSOR	10322225
16757.750117	c2s	SET_TENSOR	7078193
16757.750192	c2s	SET_TENSOR	8497
16757.756980	c2s	SET_TENSOR	2359601
16757.762342	c2s	SET_TENSOR	1179953
16757.769908	c2s	SET_TENSOR	1720625
16757.776592	c2s	SET_TENSOR	2359601
16757.776653	c2s	SET_TENSOR	817
16757.776661	c2s	SET_TENSOR	817
16757.776667	c2s	SET_TENSOR	8497
16757.802402	c2s	SET_TENSOR	7078193
16757.845856	c2s	SET_TENSOR	10322225
16757.868918	c2s	SET_TENSOR	7078193
16757.869038	c2s	SET_TENSOR	8497
16757.876226	c2s	SET_TENSOR	2359601
16757.883111	c2s	SET_TENSOR	1179953
16757.889126	c2s	SET_TENSOR	1720625
16757.895947	c2s	SET_TENSOR	2359601
16757.896052	c2s	SET_TENSOR	817
16757.896062	c2s	SET_TENSOR	817
16757.896069	c2s	SET_TENSOR	8497
16757.925884	c2s	SET_TENSOR	7078193
16757.960851	c2s	SET_TENSOR	10322225
16757.984275	c2s	SET_TENSOR	7078193
16758.011558	c2s	ALLOC_BUFFER	12
16758.050429	s2c	bytes	24
16758.050549	c2s	BUFFER_GET_BASE	8
16758.050943	s2c	bytes	16
16758.051057	c2s	BUFFER_CLEAR	9
16758.055866	c2s	ALLOC_BUFFER	12
16758.065426	s2c	bytes	24
16758.067169	c2s	GET_ALLOC_SIZE	3260
16758.067613	s2c	bytes	16
16758.067756	c2s	GET_ALLOC_SIZE	3260
16758.068099	s2c	bytes	16
16758.068270	c2s	GET_ALLOC_SIZE	3260
16758.068617	s2c	bytes	8
16758.068729	s2c	bytes	8
16758.068854	c2s	GET_ALLOC_SIZE	3260
16758.069222	s2c	bytes	16
16758.073418	c2s	GET_ALLOC_SIZE	3260
16758.073859	s2c	bytes	16
16758.073982	c2s	GET_ALLOC_SIZE	3260
16758.074294	s2c	bytes	16
16758.074422	c2s	GET_ALLOC_SIZE	3260
16758.074773	s2c	bytes	16
16758.074893	c2s	GET_ALLOC_SIZE	3260
16758.075178	s2c	bytes	8
16758.075219	s2c	bytes	8
16758.075548	c2s	BUFFER_GET_BASE	8
16758.075864	s2c	bytes	16
16758.087844	c2s	SET_TENSOR	16689
16758.087883	c2s	SET_TENSOR	16689
16758.087923	c2s	SET_TENSOR	313
16758.087952	c2s	SET_TENSOR	321
16758.087986	c2s	SET_TENSOR	321
16758.088293	c2s	SET_TENSOR	1329
16758.088546	c2s	SET_TENSOR	309
16758.088873	c2s	GRAPH_COMPUTE	192244
16758.089295	c2s	GET_TENSOR	312
16758.112591	s2c	bytes	8200
16758.120357	c2s	BUFFER_CLEAR	9
16758.125907	c2s	GET_ALLOC_SIZE	3260
16758.126701	s2c	bytes	16
16758.126823	c2s	GET_ALLOC_SIZE	3260
16758.127244	s2c	bytes	16
16758.127345	c2s	GET_ALLOC_SIZE	3260
16758.127743	s2c	bytes	16
16758.127836	c2s	GET_ALLOC_SIZE	3260
16758.128213	s2c	bytes	16
16758.156872	c2s	SET_TENSOR	41265
16758.156950	c2s	SET_TENSOR	41265
16758.156960	c2s	SET_TENSOR	325
16758.156968	c2s	SET_TENSOR	345
16758.157192	c2s	SET_TENSOR	345
16758.157201	c2s	SET_TENSOR	2865
16758.157208	c2s	SET_TENSOR	309
16758.157214	c2s	GRAPH_COMPUTE	192244
16758.157221	c2s	GET_TENSOR	312
16758.181530	s2c	bytes	8200
16758.197768	c2s	SET_TENSOR	8497
16758.198476	c2s	SET_TENSOR	8497
16758.198591	c2s	SET_TENSOR	309
16758.198608	c2s	SET_TENSOR	313
16758.198618	c2s	SET_TENSOR	313
16758.198629	c2s	SET_TENSOR	817
16758.198852	c2s	SET_TENSOR	309
16758.199640	c2s	GRAPH_COMPUTE	192244
16758.200139	c2s	GET_TENSOR	312
16758.212657	s2c	bytes	8200
16758.228891	c2s	SET_TENSOR	8497
16758.229263	c2s	SET_TENSOR	8497
16758.229649	c2s	SET_TENSOR	309
16758.229827	c2s	SET_TENSOR	313
16758.230034	c2s	SET_TENSOR	313
16758.230194	c2s	SET_TENSOR	817
16758.230407	c2s	SET_TENSOR	309
16758.230663	c2s	GRAPH_RECOMPUTE	4
16758.230766	c2s	GET_TENSOR	312
16758.242840	s2c	bytes	8200
16758.260143	c2s	SET_TENSOR	8497
16758.260287	c2s	SET_TENSOR	8497
16758.260559	c2s	SET_TENSOR	309
16758.260729	c2s	SET_TENSOR	313
16758.260909	c2s	SET_TENSOR	313
16758.261111	c2s	SET_TENSOR	817
16758.261297	c2s	SET_TENSOR	309
16758.261552	c2s	GRAPH_RECOMPUTE	4
16758.261667	c2s	GET_TENSOR	312
16758.273591	s2c	bytes	8200
16758.298422	c2s	SET_TENSOR	8497
16758.298474	c2s	SET_TENSOR	8497
16758.298506	c2s	SET_TENSOR	309
16758.298717	c2s	SET_TENSOR	313
16758.298758	c2s	SET_TENSOR	313
16758.298811	c2s	SET_TENSOR	817
16758.298852	c2s	SET_TENSOR	309
16758.298883	c2s	GRAPH_RECOMPUTE	4
16758.298914	c2s	GET_TENSOR	312
16758.310932	s2c	bytes	8200
16758.327865	c2s	SET_TENSOR	8497
16758.327917	c2s	SET_TENSOR	8497
16758.327945	c2s	SET_TENSOR	309
16758.327954	c2s	SET_TENSOR	313
16758.327960	c2s	SET_TENSOR	313
16758.328176	c2s	SET_TENSOR	817
16758.328239	c2s	SET_TENSOR	309
16758.328265	c2s	GRAPH_RECOMPUTE	4
16758.328298	c2s	GET_TENSOR	312
16758.340300	s2c	bytes	8200
16758.357491	c2s	SET_TENSOR	8497
16758.357541	c2s	SET_TENSOR	8497
16758.357571	c2s	SET_TENSOR	309
16758.357580	c2s	SET_TENSOR	313
16758.357799	c2s	SET_TENSOR	313
16758.357825	c2s	SET_TENSOR	817
16758.357871	c2s	SET_TENSOR	309
16758.357897	c2s	GRAPH_RECOMPUTE	4
16758.358052	c2s	GET_TENSOR	312
16758.369513	s2c	bytes	8200
16758.389371	c2s	SET_TENSOR	8497
16758.389447	c2s	SET_TENSOR	8497
16758.389707	c2s	SET_TENSOR	309
16758.389837	c2s	SET_TENSOR	313
16758.389955	c2s	SET_TENSOR	313
16758.390083	c2s	SET_TENSOR	817
16758.390200	c2s	SET_TENSOR	309
16758.390262	c2s	GRAPH_RECOMPUTE	4
16758.390405	c2s	GET_TENSOR	312
16758.402052	s2c	bytes	8200
16758.418971	c2s	SET_TENSOR	8497
16758.419038	c2s	SET_TENSOR	8497
16758.419330	c2s	SET_TENSOR	309
16758.419374	c2s	SET_TENSOR	313
16758.419405	c2s	SET_TENSOR	313
16758.419462	c2s	SET_TENSOR	817
16758.419635	c2s	SET_TENSOR	309
16758.419668	c2s	GRAPH_RECOMPUTE	4
16758.419818	c2s	GET_TENSOR	312
16758.431891	s2c	bytes	8200
16758.447285	c2s	SET_TENSOR	8497
16758.447336	c2s	SET_TENSOR	8497
16758.447368	c2s	SET_TENSOR	309
16758.447379	c2s	SET_TENSOR	313
16758.447717	c2s	SET_TENSOR	313
16758.447851	c2s	SET_TENSOR	817
16758.447978	c2s	SET_TENSOR	309
16758.448100	c2s	GRAPH_RECOMPUTE	4
16758.448133	c2s	GET_TENSOR	312
16758.459655	s2c	bytes	8200
16758.476383	c2s	SET_TENSOR	8497
16758.476529	c2s	SET_TENSOR	8497
16758.476873	c2s	SET_TENSOR	309
16758.476887	c2s	SET_TENSOR	313
16758.476897	c2s	SET_TENSOR	313
16758.477136	c2s	SET_TENSOR	817
16758.477151	c2s	SET_TENSOR	309
16758.477347	c2s	GRAPH_RECOMPUTE	4
16758.477526	c2s	GET_TENSOR	312
16758.488966	s2c	bytes	8200
16758.505515	c2s	SET_TENSOR	8497
16758.505948	c2s	SET_TENSOR	8497
16758.506308	c2s	SET_TENSOR	309
16758.506536	c2s	SET_TENSOR	313
16758.506844	c2s	SET_TENSOR	313
16758.507026	c2s	SET_TENSOR	817
16758.507507	c2s	SET_TENSOR	309
16758.507969	c2s	GRAPH_RECOMPUTE	4
16758.508447	c2s	GET_TENSOR	312
16758.519536	s2c	bytes	8200
16758.536443	c2s	SET_TENSOR	8497
16758.536869	c2s	SET_TENSOR	8497
16758.537251	c2s	SET_TENSOR	309
16758.537402	c2s	SET_TENSOR	313
16758.537441	c2s	SET_TENSOR	313
16758.537454	c2s	SET_TENSOR	817
16758.537748	c2s	SET_TENSOR	309
16758.537764	c2s	GRAPH_RECOMPUTE	4
16758.537797	c2s	GET_TENSOR	312
16758.549555	s2c	bytes	8200
16758.565305	c2s	SET_TENSOR	8497
16758.565717	c2s	SET_TENSOR	8497
16758.566041	c2s	SET_TENSOR	309
16758.566055	c2s	SET_TENSOR	313
16758.566222	c2s	SET_TENSOR	313
16758.566259	c2s	SET_TENSOR	817
16758.566460	c2s	SET_TENSOR	309
16758.566584	c2s	GRAPH_RECOMPUTE	4
16758.566646	c2s	GET_TENSOR	312
16758.578694	s2c	bytes	8200
16758.594514	c2s	SET_TENSOR	8497
16758.594572	c2s	SET_TENSOR	8497
16758.594807	c2s	SET_TENSOR	309
16758.594969	c2s	SET_TENSOR	313
16758.595096	c2s	SET_TENSOR	313
16758.595111	c2s	SET_TENSOR	817
16758.595219	c2s	SET_TENSOR	309
16758.595233	c2s	GRAPH_RECOMPUTE	4
16758.595243	c2s	GET_TENSOR	312
16758.607348	s2c	bytes	8200
16758.627903	c2s	SET_TENSOR	8497
16758.628305	c2s	SET_TENSOR	8497
16758.628538	c2s	SET_TENSOR	309
16758.628566	c2s	SET_TENSOR	313
16758.628774	c2s	SET_TENSOR	313
16758.629040	c2s	SET_TENSOR	817
16758.629055	c2s	SET_TENSOR	309
16758.629145	c2s	GRAPH_RECOMPUTE	4
16758.629178	c2s	GET_TENSOR	312
16758.641380	s2c	bytes	8200
16758.666675	c2s	SET_TENSOR	8497
16758.667221	c2s	SET_TENSOR	8497
16758.667266	c2s	SET_TENSOR	309
16758.667278	c2s	SET_TENSOR	313
16758.667287	c2s	SET_TENSOR	313
16758.667295	c2s	SET_TENSOR	817
16758.667490	c2s	SET_TENSOR	309
16758.667669	c2s	GRAPH_RECOMPUTE	4
16758.667694	c2s	GET_TENSOR	312
16758.679961	s2c	bytes	8200
16758.696257	c2s	SET_TENSOR	8497
16758.696675	c2s	SET_TENSOR	8497
16758.696826	c2s	SET_TENSOR	309
16758.696941	c2s	SET_TENSOR	313
16758.696953	c2s	SET_TENSOR	313
16758.697252	c2s	SET_TENSOR	817
16758.697354	c2s	SET_TENSOR	309
16758.697544	c2s	GRAPH_RECOMPUTE	4
16758.697704	c2s	GET_TENSOR	312
16758.709958	s2c	bytes	8200
16758.726062	c2s	SET_TENSOR	8497
16758.726289	c2s	SET_TENSOR	8497
16758.726327	c2s	SET_TENSOR	309
16758.726674	c2s	SET_TENSOR	313
16758.726692	c2s	SET_TENSOR	313
16758.726723	c2s	SET_TENSOR	817
16758.726958	c2s	SET_TENSOR	309
16758.726994	c2s	GRAPH_RECOMPUTE	4
16758.727201	c2s	GET_TENSOR	312
16758.739227	s2c	bytes	8200
16758.756907	c2s	SET_TENSOR	8497
16758.757460	c2s	SET_TENSOR	8497
16758.757537	c2s	SET_TENSOR	309
16758.757550	c2s	SET_TENSOR	313
16758.757560	c2s	SET_TENSOR	313
16758.757825	c2s	SET_TENSOR	817
16758.757859	c2s	SET_TENSOR	309
16758.758072	c2s	GRAPH_RECOMPUTE	4
16758.758228	c2s	GET_TENSOR	312
16758.770398	s2c	bytes	8200
16758.793227	c2s	SET_TENSOR	8497
16758.793694	c2s	SET_TENSOR	8497
16758.793767	c2s	SET_TENSOR	309
16758.794181	c2s	SET_TENSOR	313
16758.794219	c2s	SET_TENSOR	313
16758.794231	c2s	SET_TENSOR	817
16758.794477	c2s	SET_TENSOR	309
16758.794492	c2s	GRAPH_RECOMPUTE	4
16758.794659	c2s	GET_TENSOR	312
16758.810010	s2c	bytes	8200
16758.830617	c2s	SET_TENSOR	8497
16758.831402	c2s	SET_TENSOR	8497
16758.831544	c2s	SET_TENSOR	309
16758.831560	c2s	SET_TENSOR	313
16758.831571	c2s	SET_TENSOR	313
16758.831582	c2s	SET_TENSOR	817
16758.831876	c2s	SET_TENSOR	309
16758.831895	c2s	GRAPH_RECOMPUTE	4
16758.832067	c2s	GET_TENSOR	312
16758.844363	s2c	bytes	8200
16758.860129	c2s	SET_TENSOR	8497
16758.860537	c2s	SET_TENSOR	8497
16758.860552	c2s	SET_TENSOR	309
16758.860678	c2s	SET_TENSOR	313
16758.860690	c2s	SET_TENSOR	313
16758.860881	c2s	SET_TENSOR	817
16758.861045	c2s	SET_TENSOR	309
16758.861196	c2s	GRAPH_RECOMPUTE	4
16758.861267	c2s	GET_TENSOR	312
16758.873360	s2c	bytes	8200
16758.890181	c2s	SET_TENSOR	8497
16758.890545	c2s	SET_TENSOR	8497
16758.890727	c2s	SET_TENSOR	309
16758.890893	c2s	SET_TENSOR	313
16758.891286	c2s	SET_TENSOR	313
16758.891655	c2s	SET_TENSOR	817
16758.892036	c2s	SET_TENSOR	309
16758.892385	c2s	GRAPH_RECOMPUTE	4
16758.892742	c2s	GET_TENSOR	312
16758.904441	s2c	bytes	8
16758.904499	s2c	bytes	8192
16758.924028	c2s	SET_TENSOR	8497
16758.924647	c2s	SET_TENSOR	8497
16758.924787	c2s	SET_TENSOR	309
16758.924803	c2s	SET_TENSOR	313
16758.924962	c2s	SET_TENSOR	313
16758.925071	c2s	SET_TENSOR	817
16758.925084	c2s	SET_TENSOR	309
16758.925119	c2s	GRAPH_RECOMPUTE	4
16758.925130	c2s	GET_TENSOR	312
16758.937541	s2c	bytes	8200
16758.956175	c2s	SET_TENSOR	8497
16758.956465	c2s	SET_TENSOR	8497
16758.956555	c2s	SET_TENSOR	309
16758.956775	c2s	SET_TENSOR	313
16758.956876	c2s	SET_TENSOR	313
16758.957055	c2s	SET_TENSOR	817
16758.957189	c2s	SET_TENSOR	309
16758.957331	c2s	GRAPH_RECOMPUTE	4
16758.957343	c2s	GET_TENSOR	312
16758.969824	s2c	bytes	8200
16758.985789	c2s	SET_TENSOR	8497
16758.986479	c2s	SET_TENSOR	8497
16758.986564	c2s	SET_TENSOR	309
16758.986654	c2s	SET_TENSOR	313
16758.986667	c2s	SET_TENSOR	313
16758.986675	c2s	SET_TENSOR	817
16758.986683	c2s	SET_TENSOR	309
16758.986714	c2s	GRAPH_RECOMPUTE	4
16758.986727	c2s	GET_TENSOR	312
16758.999252	s2c	bytes	8200
16759.015915	c2s	SET_TENSOR	8497
16759.016653	c2s	SET_TENSOR	8497
16759.016714	c2s	SET_TENSOR	309
16759.016778	c2s	SET_TENSOR	313
16759.016921	c2s	SET_TENSOR	313
16759.016934	c2s	SET_TENSOR	817
16759.016944	c2s	SET_TENSOR	309
16759.016952	c2s	GRAPH_RECOMPUTE	4
16759.016961	c2s	GET_TENSOR	312
16759.029157	s2c	bytes	8200
16759.049094	c2s	SET_TENSOR	8497
16759.049198	c2s	SET_TENSOR	8497
16759.049360	c2s	SET_TENSOR	309
16759.049373	c2s	SET_TENSOR	313
16759.049381	c2s	SET_TENSOR	313
16759.049390	c2s	SET_TENSOR	817
16759.049577	c2s	SET_TENSOR	309
16759.049591	c2s	GRAPH_RECOMPUTE	4
16759.049734	c2s	GET_TENSOR	312
16759.062027	s2c	bytes	8200
16759.085155	c2s	SET_TENSOR	8497
16759.085209	c2s	SET_TENSOR	8497
16759.085242	c2s	SET_TENSOR	309
16759.085251	c2s	SET_TENSOR	313
16759.085257	c2s	SET_TENSOR	313
16759.085264	c2s	SET_TENSOR	817
16759.085291	c2s	SET_TENSOR	309
16759.085318	c2s	GRAPH_RECOMPUTE	4
16759.085327	c2s	GET_TENSOR	312
16759.099835	s2c	bytes	8200
16759.116946	c2s	SET_TENSOR	8497
16759.117014	c2s	SET_TENSOR	8497
16759.117044	c2s	SET_TENSOR	309
16759.117053	c2s	SET_TENSOR	313
16759.117060	c2s	SET_TENSOR	313
16759.117067	c2s	SET_TENSOR	817
16759.117094	c2s	SET_TENSOR	309
16759.117119	c2s	GRAPH_RECOMPUTE	4
16759.117145	c2s	GET_TENSOR	312
16759.130679	s2c	bytes	8
16759.130793	s2c	bytes	8192
16759.149328	c2s	SET_TENSOR	8497
16759.149393	c2s	SET_TENSOR	8497
16759.149404	c2s	SET_TENSOR	309
16759.149431	c2s	SET_TENSOR	313
16759.149477	c2s	SET_TENSOR	313
16759.149662	c2s	SET_TENSOR	817
16759.149673	c2s	SET_TENSOR	309
16759.149680	c2s	GRAPH_RECOMPUTE	4
16759.149698	c2s	GET_TENSOR	312
16759.162522	s2c	bytes	8200
16759.179576	c2s	SET_TENSOR	8497
16759.179634	c2s	SET_TENSOR	8497
16759.179670	c2s	SET_TENSOR	309
16759.179684	c2s	SET_TENSOR	313
16759.179692	c2s	SET_TENSOR	313
16759.179708	c2s	SET_TENSOR	817
16759.179716	c2s	SET_TENSOR	309
16759.179747	c2s	GRAPH_RECOMPUTE	4
16759.179758	c2s	GET_TENSOR	312
16759.192651	s2c	bytes	8200
16759.214977	c2s	SET_TENSOR	8497
16759.215046	c2s	SET_TENSOR	8497
16759.215331	c2s	SET_TENSOR	309
16759.215699	c2s	SET_TENSOR	313
16759.215772	c2s	SET_TENSOR	313
16759.215783	c2s	SET_TENSOR	817
16759.215790	c2s	SET_TENSOR	309
16759.215945	c2s	GRAPH_RECOMPUTE	4
16759.215974	c2s	GET_TENSOR	312
16759.228669	s2c	bytes	8
16759.228722	s2c	bytes	8192
16759.245383	c2s	SET_TENSOR	8497
16759.245754	c2s	SET_TENSOR	8497
16759.245784	c2s	SET_TENSOR	309
16759.246055	c2s	SET_TENSOR	313
16759.246090	c2s	SET_TENSOR	313
16759.246115	c2s	SET_TENSOR	817
16759.246282	c2s	SET_TENSOR	309
16759.246332	c2s	GRAPH_RECOMPUTE	4
16759.246343	c2s	GET_TENSOR	312
16759.258687	s2c	bytes	8
16759.258753	s2c	bytes	8192
16759.275571	c2s	SET_TENSOR	8497
16759.275658	c2s	SET_TENSOR	8497
16759.275670	c2s	SET_TENSOR	309
16759.275719	c2s	SET_TENSOR	313
16759.275752	c2s	SET_TENSOR	313
16759.276043	c2s	SET_TENSOR	817
16759.276058	c2s	SET_TENSOR	309
16759.276068	c2s	GRAPH_RECOMPUTE	4
16759.276171	c2s	GET_TENSOR	312
16759.288747	s2c	bytes	8200
16759.306710	c2s	SET_TENSOR	8497
16759.306909	c2s	SET_TENSOR	8497
16759.306944	c2s	SET_TENSOR	309
16759.307115	c2s	SET_TENSOR	313
16759.307127	c2s	SET_TENSOR	313
16759.307344	c2s	SET_TENSOR	817
16759.307552	c2s	SET_TENSOR	309
16759.307586	c2s	GRAPH_RECOMPUTE	4
16759.307778	c2s	GET_TENSOR	312
16759.319911	s2c	bytes	8200
16759.338079	c2s	SET_TENSOR	8497
16759.338201	c2s	SET_TENSOR	8497
16759.338271	c2s	SET_TENSOR	309
16759.338652	c2s	SET_TENSOR	313
16759.338691	c2s	SET_TENSOR	313
16759.338705	c2s	SET_TENSOR	817
16759.338833	c2s	SET_TENSOR	309
16759.338870	c2s	GRAPH_RECOMPUTE	4
16759.338882	c2s	GET_TENSOR	312
16759.351213	s2c	bytes	8200
16759.370365	c2s	SET_TENSOR	8497
16759.370417	c2s	SET_TENSOR	8497
16759.370479	c2s	SET_TENSOR	309
16759.370523	c2s	SET_TENSOR	313
16759.370581	c2s	SET_TENSOR	313
16759.370668	c2s	SET_TENSOR	817
16759.370726	c2s	SET_TENSOR	309
16759.370766	c2s	GRAPH_RECOMPUTE	4
16759.370804	c2s	GET_TENSOR	312
16759.383898	s2c	bytes	8200
16759.415321	c2s	SET_TENSOR	8497
16759.415479	c2s	SET_TENSOR	8497
16759.415564	c2s	SET_TENSOR	309
16759.415667	c2s	SET_TENSOR	313
16759.415749	c2s	SET_TENSOR	313
16759.415832	c2s	SET_TENSOR	817
16759.415915	c2s	SET_TENSOR	309
16759.415980	c2s	GRAPH_RECOMPUTE	4
16759.416058	c2s	GET_TENSOR	312
16759.428268	s2c	bytes	8200
16759.444827	c2s	SET_TENSOR	8497
16759.444963	c2s	SET_TENSOR	8497
16759.445074	c2s	SET_TENSOR	309
16759.445187	c2s	SET_TENSOR	313
16759.445285	c2s	SET_TENSOR	313
16759.445385	c2s	SET_TENSOR	817
16759.445484	c2s	SET_TENSOR	309
16759.445557	c2s	GRAPH_RECOMPUTE	4
16759.445614	c2s	GET_TENSOR	312
16759.457640	s2c	bytes	8
16759.457752	s2c	bytes	8192
16759.475263	c2s	SET_TENSOR	8497
16759.475417	c2s	SET_TENSOR	8497
16759.475538	c2s	SET_TENSOR	309
16759.475637	c2s	SET_TENSOR	313
16759.475744	c2s	SET_TENSOR	313
16759.475838	c2s	SET_TENSOR	817
16759.475934	c2s	SET_TENSOR	309
16759.476033	c2s	GRAPH_RECOMPUTE	4
16759.476121	c2s	GET_TENSOR	312
16759.488368	s2c	bytes	8200
16759.507218	c2s	SET_TENSOR	8497
16759.507302	c2s	SET_TENSOR	8497
16759.507399	c2s	SET_TENSOR	309
16759.507498	c2s	SET_TENSOR	313
16759.507615	c2s	SET_TENSOR	313
16759.507714	c2s	SET_TENSOR	817
16759.507809	c2s	SET_TENSOR	309
16759.507900	c2s	GRAPH_RECOMPUTE	4
16759.507983	c2s	GET_TENSOR	312
16759.520037	s2c	bytes	8200
16759.541830	c2s	SET_TENSOR	8497
16759.542017	c2s	SET_TENSOR	8497
16759.542120	c2s	SET_TENSOR	309
16759.542235	c2s	SET_TENSOR	313
16759.542328	c2s	SET_TENSOR	313
16759.542445	c2s	SET_TENSOR	817
16759.542569	c2s	SET_TENSOR	309
16759.542682	c2s	GRAPH_RECOMPUTE	4
16759.542817	c2s	GET_TENSOR	312
16759.555087	s2c	bytes	8200
16759.573671	c2s	SET_TENSOR	8497
16759.573832	c2s	SET_TENSOR	8497
16759.573953	c2s	SET_TENSOR	309
16759.574095	c2s	SET_TENSOR	313
16759.574195	c2s	SET_TENSOR	313
16759.574278	c2s	SET_TENSOR	817
16759.574406	c2s	SET_TENSOR	309
16759.574508	c2s	GRAPH_RECOMPUTE	4
16759.574575	c2s	GET_TENSOR	312
16759.586815	s2c	bytes	8200
16759.604259	c2s	SET_TENSOR	8497
16759.604420	c2s	SET_TENSOR	8497
16759.604514	c2s	SET_TENSOR	309
16759.604678	c2s	SET_TENSOR	313
16759.604834	c2s	SET_TENSOR	313
16759.604991	c2s	SET_TENSOR	817
16759.605155	c2s	SET_TENSOR	309
16759.605300	c2s	GRAPH_RECOMPUTE	4
16759.605459	c2s	GET_TENSOR	312
16759.617638	s2c	bytes	8200
16759.639792	c2s	SET_TENSOR	8497
16759.640032	c2s	SET_TENSOR	8497
16759.640209	c2s	SET_TENSOR	309
16759.640360	c2s	SET_TENSOR	313
16759.640499	c2s	SET_TENSOR	313
16759.640656	c2s	SET_TENSOR	817
16759.640811	c2s	SET_TENSOR	309
16759.640970	c2s	GRAPH_RECOMPUTE	4
16759.641160	c2s	GET_TENSOR	312
16759.653316	s2c	bytes	8200
16759.670690	c2s	SET_TENSOR	8497
16759.670879	c2s	SET_TENSOR	8497
16759.671029	c2s	SET_TENSOR	309
16759.671163	c2s	SET_TENSOR	313
16759.671336	c2s	SET_TENSOR	313
16759.671463	c2s	SET_TENSOR	817
16759.671602	c2s	SET_TENSOR	309
16759.671763	c2s	GRAPH_RECOMPUTE	4
16759.671897	c2s	GET_TENSOR	312
16759.683336	s2c	bytes	8200
16759.690703	c2s	GET_DEVICE_MEMORY	4
16759.691382	s2c	bytes	24
16759.691672	c2s	FREE_BUFFER	8
16759.699930	c2s	FREE_BUFFER	8
16759.725410	c2s	FREE_BUFFER	8
